Sample_ID,Actual_Microplastic_Count,Predicted_Microplastic_Count,Contamination_Risk_Score_Pct,Anomaly_Flag,Model_Confidence_Score,Model_Confidence_Pct,Prediction_Error,Absolute_Error,Error_Percentage
SMP-2026-0001,552,525,52.5,False,0.863,86.3,-27,27,4.891304347826087
SMP-2026-0002,422,448,44.8,False,0.897,89.7,26,26,6.161137440758294
SMP-2026-0003,39,41,4.1,False,0.861,86.1,2,2,5.128205128205128
SMP-2026-0004,529,555,55.5,False,0.91,91.0,26,26,4.914933837429111
SMP-2026-0005,87,95,9.5,False,0.96,96.0,8,8,9.195402298850574
SMP-2026-0006,1055,1052,100.0,True,0.885,88.5,-3,3,0.2843601895734597
SMP-2026-0007,64,66,6.6,False,0.949,94.89999999999999,2,2,3.125
SMP-2026-0008,533,568,56.8,False,0.874,87.4,35,35,6.566604127579738
SMP-2026-0009,72,72,7.2,False,0.938,93.8,0,0,0.0
SMP-2026-0010,497,495,49.5,False,0.969,96.89999999999999,-2,2,0.4024144869215292
SMP-2026-0011,176,170,17.0,False,0.892,89.2,-6,6,3.4090909090909087
SMP-2026-0012,67,71,7.1,False,0.967,96.7,4,4,5.970149253731343
SMP-2026-0013,310,322,32.2,False,0.916,91.60000000000001,12,12,3.870967741935484
SMP-2026-0014,101,100,10.0,False,0.891,89.1,-1,1,0.9900990099009901
SMP-2026-0015,101,99,9.9,False,0.967,96.7,-2,2,1.9801980198019802
SMP-2026-0016,1087,994,99.4,True,0.854,85.39999999999999,-93,93,8.555657773689052
SMP-2026-0017,200,180,18.0,False,0.854,85.39999999999999,-20,20,10.0
SMP-2026-0018,303,305,30.5,False,0.928,92.80000000000001,2,2,0.6600660066006601
SMP-2026-0019,223,219,21.9,False,0.954,95.39999999999999,-4,4,1.7937219730941705
SMP-2026-0020,536,568,56.8,False,0.948,94.8,32,32,5.970149253731343
SMP-2026-0021,131,132,13.2,False,0.86,86.0,1,1,0.7633587786259541
SMP-2026-0022,153,166,16.6,False,0.974,97.39999999999999,13,13,8.49673202614379
SMP-2026-0023,583,548,54.8,False,0.941,94.1,-35,35,6.003430531732419
SMP-2026-0024,928,1019,100.0,True,0.973,97.3,91,91,9.806034482758621
SMP-2026-0025,276,265,26.5,False,0.893,89.3,-11,11,3.985507246376811
SMP-2026-0026,329,338,33.8,False,0.94,94.0,9,9,2.735562310030395
SMP-2026-0027,482,482,48.2,False,0.962,96.2,0,0,0.0
SMP-2026-0028,745,724,72.4,False,0.899,89.9,-21,21,2.8187919463087248
SMP-2026-0029,129,120,12.0,False,0.975,97.5,-9,9,6.976744186046512
SMP-2026-0030,146,135,13.5,False,0.884,88.4,-11,11,7.534246575342466
SMP-2026-0031,259,270,27.0,False,0.891,89.1,11,11,4.247104247104247
SMP-2026-0032,32,31,3.1,False,0.97,97.0,-1,1,3.125
SMP-2026-0033,69,75,7.5,False,0.976,97.6,6,6,8.695652173913043
SMP-2026-0034,437,422,42.2,False,0.887,88.7,-15,15,3.4324942791762014
SMP-2026-0035,268,294,29.4,False,0.868,86.8,26,26,9.701492537313433
SMP-2026-0036,194,183,18.3,False,0.949,94.89999999999999,-11,11,5.670103092783505
SMP-2026-0037,522,481,48.1,False,0.971,97.1,-41,41,7.854406130268199
SMP-2026-0038,369,355,35.5,False,0.928,92.80000000000001,-14,14,3.7940379403794036
SMP-2026-0039,480,517,51.7,False,0.932,93.2,37,37,7.708333333333334
SMP-2026-0040,613,616,61.6,False,0.949,94.89999999999999,3,3,0.48939641109298526
SMP-2026-0041,522,484,48.4,False,0.87,87.0,-38,38,7.2796934865900385
SMP-2026-0042,436,410,41.0,False,0.977,97.7,-26,26,5.963302752293578
SMP-2026-0043,444,427,42.7,False,0.897,89.7,-17,17,3.8288288288288284
SMP-2026-0044,280,285,28.5,False,0.932,93.2,5,5,1.7857142857142856
SMP-2026-0045,174,168,16.8,False,0.911,91.10000000000001,-6,6,3.4482758620689653
SMP-2026-0046,620,651,65.1,False,0.911,91.10000000000001,31,31,5.0
SMP-2026-0047,41,42,4.2,False,0.941,94.1,1,1,2.4390243902439024
SMP-2026-0048,928,997,99.7,True,0.979,97.89999999999999,69,69,7.435344827586207
SMP-2026-0049,434,434,43.4,False,0.936,93.60000000000001,0,0,0.0
SMP-2026-0050,310,300,30.0,False,0.953,95.3,-10,10,3.225806451612903
SMP-2026-0051,288,317,31.7,False,0.854,85.39999999999999,29,29,10.069444444444445
SMP-2026-0052,253,246,24.6,False,0.955,95.5,-7,7,2.766798418972332
SMP-2026-0053,262,258,25.8,False,0.889,88.9,-4,4,1.5267175572519083
SMP-2026-0054,240,255,25.5,False,0.866,86.6,15,15,6.25
SMP-2026-0055,57,52,5.2,False,0.865,86.5,-5,5,8.771929824561402
SMP-2026-0056,116,113,11.3,False,0.938,93.8,-3,3,2.586206896551724
SMP-2026-0057,701,643,64.3,False,0.98,98.0,-58,58,8.273894436519258
SMP-2026-0058,164,152,15.2,False,0.937,93.7,-12,12,7.317073170731707
SMP-2026-0059,641,577,57.7,False,0.884,88.4,-64,64,9.98439937597504
SMP-2026-0060,426,384,38.4,False,0.876,87.6,-42,42,9.859154929577464
SMP-2026-0061,782,763,76.3,True,0.918,91.8,-19,19,2.4296675191815855
SMP-2026-0062,553,587,58.7,False,0.858,85.8,34,34,6.148282097649186
SMP-2026-0063,45,46,4.6,False,0.902,90.2,1,1,2.2222222222222223
SMP-2026-0064,377,387,38.7,False,0.937,93.7,10,10,2.6525198938992043
SMP-2026-0065,76,76,7.6,False,0.976,97.6,0,0,0.0
SMP-2026-0066,243,259,25.9,False,0.905,90.5,16,16,6.584362139917696
SMP-2026-0067,652,702,70.2,False,0.876,87.6,50,50,7.668711656441718
SMP-2026-0068,116,124,12.4,False,0.956,95.6,8,8,6.896551724137931
SMP-2026-0069,416,442,44.2,False,0.947,94.69999999999999,26,26,6.25
SMP-2026-0070,474,444,44.4,False,0.962,96.2,-30,30,6.329113924050633
SMP-2026-0071,524,534,53.4,False,0.878,87.8,10,10,1.9083969465648856
SMP-2026-0072,583,593,59.3,False,0.903,90.3,10,10,1.7152658662092626
SMP-2026-0073,231,232,23.2,False,0.978,97.8,1,1,0.4329004329004329
SMP-2026-0074,242,241,24.1,False,0.871,87.1,-1,1,0.4132231404958678
SMP-2026-0075,235,216,21.6,False,0.937,93.7,-19,19,8.085106382978724
SMP-2026-0076,656,604,60.4,False,0.881,88.1,-52,52,7.926829268292683
SMP-2026-0077,1084,1171,100.0,True,0.915,91.5,87,87,8.025830258302582
SMP-2026-0078,591,606,60.6,False,0.954,95.39999999999999,15,15,2.5380710659898478
SMP-2026-0079,507,483,48.3,False,0.914,91.4,-24,24,4.733727810650888
SMP-2026-0080,30,29,2.9,False,0.955,95.5,-1,1,3.3333333333333335
SMP-2026-0081,745,761,76.1,False,0.905,90.5,16,16,2.1476510067114094
SMP-2026-0082,814,799,79.9,True,0.98,98.0,-15,15,1.8427518427518428
SMP-2026-0083,39,39,3.9,False,0.907,90.7,0,0,0.0
SMP-2026-0084,368,336,33.6,False,0.869,86.9,-32,32,8.695652173913043
SMP-2026-0085,257,238,23.8,False,0.902,90.2,-19,19,7.392996108949417
SMP-2026-0086,362,354,35.4,False,0.947,94.69999999999999,-8,8,2.209944751381215
SMP-2026-0087,419,436,43.6,False,0.96,96.0,17,17,4.05727923627685
SMP-2026-0088,264,240,24.0,False,0.91,91.0,-24,24,9.090909090909092
SMP-2026-0089,60,58,5.8,False,0.927,92.7,-2,2,3.3333333333333335
SMP-2026-0090,379,394,39.4,False,0.96,96.0,15,15,3.95778364116095
SMP-2026-0091,502,531,53.1,False,0.956,95.6,29,29,5.776892430278884
SMP-2026-0092,501,470,47.0,False,0.936,93.60000000000001,-31,31,6.187624750499002
SMP-2026-0093,234,245,24.5,False,0.956,95.6,11,11,4.700854700854701
SMP-2026-0094,175,191,19.1,False,0.925,92.5,16,16,9.142857142857142
SMP-2026-0095,510,551,55.1,False,0.851,85.1,41,41,8.03921568627451
SMP-2026-0096,178,188,18.8,False,0.855,85.5,10,10,5.617977528089887
SMP-2026-0097,448,467,46.7,False,0.977,97.7,19,19,4.241071428571429
SMP-2026-0098,578,547,54.7,False,0.869,86.9,-31,31,5.3633217993079585
SMP-2026-0099,240,246,24.6,False,0.903,90.3,6,6,2.5
SMP-2026-0100,152,156,15.6,False,0.971,97.1,4,4,2.631578947368421
SMP-2026-0101,167,164,16.4,False,0.875,87.5,-3,3,1.7964071856287425
SMP-2026-0102,129,129,12.9,False,0.96,96.0,0,0,0.0
SMP-2026-0103,150,156,15.6,False,0.956,95.6,6,6,4.0
SMP-2026-0104,48,52,5.2,False,0.978,97.8,4,4,8.333333333333332
SMP-2026-0105,206,198,19.8,False,0.887,88.7,-8,8,3.8834951456310676
SMP-2026-0106,230,218,21.8,False,0.891,89.1,-12,12,5.217391304347826
SMP-2026-0107,751,766,76.6,True,0.967,96.7,15,15,1.9973368841544608
SMP-2026-0108,372,345,34.5,False,0.88,88.0,-27,27,7.258064516129033
SMP-2026-0109,702,714,71.4,False,0.921,92.10000000000001,12,12,1.7094017094017095
SMP-2026-0110,697,640,64.0,False,0.942,94.19999999999999,-57,57,8.17790530846485
SMP-2026-0111,560,559,55.9,False,0.885,88.5,-1,1,0.17857142857142858
SMP-2026-0112,708,725,72.5,False,0.972,97.2,17,17,2.401129943502825
SMP-2026-0113,506,462,46.2,False,0.937,93.7,-44,44,8.695652173913043
SMP-2026-0114,329,310,31.0,False,0.856,85.6,-19,19,5.775075987841945
SMP-2026-0115,56,54,5.4,False,0.868,86.8,-2,2,3.571428571428571
SMP-2026-0116,150,146,14.6,False,0.875,87.5,-4,4,2.666666666666667
SMP-2026-0117,885,916,91.6,True,0.882,88.2,31,31,3.5028248587570623
SMP-2026-0118,586,589,58.9,False,0.945,94.5,3,3,0.5119453924914675
SMP-2026-0119,169,165,16.5,False,0.862,86.2,-4,4,2.366863905325444
SMP-2026-0120,416,412,41.2,False,0.896,89.60000000000001,-4,4,0.9615384615384616
SMP-2026-0121,847,764,76.4,True,0.968,96.8,-83,83,9.799291617473434
SMP-2026-0122,85,90,9.0,False,0.922,92.2,5,5,5.88235294117647
SMP-2026-0123,386,351,35.1,False,0.885,88.5,-35,35,9.067357512953368
SMP-2026-0124,800,853,85.3,True,0.974,97.39999999999999,53,53,6.625
SMP-2026-0125,249,251,25.1,False,0.882,88.2,2,2,0.8032128514056224
SMP-2026-0126,57,57,5.7,False,0.968,96.8,0,0,0.0
SMP-2026-0127,534,556,55.6,False,0.944,94.39999999999999,22,22,4.119850187265917
SMP-2026-0128,501,537,53.7,False,0.946,94.6,36,36,7.18562874251497
SMP-2026-0129,644,701,70.1,False,0.949,94.89999999999999,57,57,8.850931677018634
SMP-2026-0130,91,92,9.2,False,0.916,91.60000000000001,1,1,1.098901098901099
SMP-2026-0131,124,115,11.5,False,0.956,95.6,-9,9,7.258064516129033
SMP-2026-0132,507,545,54.5,False,0.959,95.89999999999999,38,38,7.495069033530571
SMP-2026-0133,504,458,45.8,False,0.897,89.7,-46,46,9.126984126984127
SMP-2026-0134,447,474,47.4,False,0.902,90.2,27,27,6.0402684563758395
SMP-2026-0135,120,124,12.4,False,0.966,96.6,4,4,3.3333333333333335
SMP-2026-0136,764,826,82.6,True,0.918,91.8,62,62,8.115183246073299
SMP-2026-0137,36,39,3.9,False,0.963,96.3,3,3,8.333333333333332
SMP-2026-0138,141,128,12.8,False,0.931,93.10000000000001,-13,13,9.219858156028367
SMP-2026-0139,62,63,6.3,False,0.927,92.7,1,1,1.6129032258064515
SMP-2026-0140,414,383,38.3,False,0.854,85.39999999999999,-31,31,7.487922705314009
SMP-2026-0141,227,208,20.8,False,0.886,88.6,-19,19,8.370044052863436
SMP-2026-0142,532,526,52.6,False,0.915,91.5,-6,6,1.1278195488721803
SMP-2026-0143,199,183,18.3,False,0.926,92.60000000000001,-16,16,8.040201005025125
SMP-2026-0144,491,513,51.3,False,0.932,93.2,22,22,4.480651731160896
SMP-2026-0145,62,68,6.8,False,0.943,94.3,6,6,9.67741935483871
SMP-2026-0146,458,464,46.4,False,0.935,93.5,6,6,1.3100436681222707
SMP-2026-0147,479,454,45.4,False,0.96,96.0,-25,25,5.219206680584551
SMP-2026-0148,323,345,34.5,False,0.888,88.8,22,22,6.811145510835913
SMP-2026-0149,544,582,58.2,False,0.933,93.30000000000001,38,38,6.985294117647059
SMP-2026-0150,328,343,34.3,False,0.857,85.7,15,15,4.573170731707317
SMP-2026-0151,36,37,3.7,False,0.912,91.2,1,1,2.7777777777777777
SMP-2026-0152,161,173,17.3,False,0.885,88.5,12,12,7.453416149068323
SMP-2026-0153,230,215,21.5,False,0.9,90.0,-15,15,6.521739130434782
SMP-2026-0154,396,430,43.0,False,0.896,89.60000000000001,34,34,8.585858585858585
SMP-2026-0155,44,48,4.8,False,0.858,85.8,4,4,9.090909090909092
SMP-2026-0156,647,695,69.5,False,0.911,91.10000000000001,48,48,7.418856259659969
SMP-2026-0157,325,309,30.9,False,0.979,97.89999999999999,-16,16,4.923076923076923
SMP-2026-0158,794,851,85.1,True,0.889,88.9,57,57,7.178841309823677
SMP-2026-0159,314,314,31.4,False,0.946,94.6,0,0,0.0
SMP-2026-0160,444,452,45.2,False,0.921,92.10000000000001,8,8,1.8018018018018018
SMP-2026-0161,96,103,10.3,False,0.892,89.2,7,7,7.291666666666667
SMP-2026-0162,66,60,6.0,False,0.862,86.2,-6,6,9.090909090909092
SMP-2026-0163,302,294,29.4,False,0.878,87.8,-8,8,2.6490066225165565
SMP-2026-0164,133,141,14.1,False,0.952,95.19999999999999,8,8,6.015037593984962
SMP-2026-0165,1019,1083,100.0,True,0.886,88.6,64,64,6.280667320902846
SMP-2026-0166,208,223,22.3,False,0.869,86.9,15,15,7.211538461538461
SMP-2026-0167,150,140,14.0,False,0.893,89.3,-10,10,6.666666666666667
SMP-2026-0168,143,149,14.9,False,0.926,92.60000000000001,6,6,4.195804195804196
SMP-2026-0169,226,210,21.0,False,0.941,94.1,-16,16,7.079646017699115
SMP-2026-0170,439,464,46.4,False,0.9,90.0,25,25,5.694760820045558
SMP-2026-0171,458,435,43.5,False,0.915,91.5,-23,23,5.021834061135371
SMP-2026-0172,143,150,15.0,False,0.909,90.9,7,7,4.895104895104895
SMP-2026-0173,226,224,22.4,False,0.851,85.1,-2,2,0.8849557522123894
SMP-2026-0174,183,201,20.1,False,0.901,90.10000000000001,18,18,9.836065573770492
SMP-2026-0175,409,416,41.6,False,0.926,92.60000000000001,7,7,1.7114914425427872
SMP-2026-0176,111,114,11.4,False,0.924,92.4,3,3,2.7027027027027026
SMP-2026-0177,424,413,41.3,False,0.947,94.69999999999999,-11,11,2.5943396226415096
SMP-2026-0178,230,241,24.1,False,0.937,93.7,11,11,4.782608695652174
SMP-2026-0179,285,285,28.5,False,0.886,88.6,0,0,0.0
SMP-2026-0180,266,240,24.0,False,0.883,88.3,-26,26,9.774436090225564
SMP-2026-0181,507,518,51.8,False,0.91,91.0,11,11,2.1696252465483234
SMP-2026-0182,1072,1143,100.0,True,0.945,94.5,71,71,6.6231343283582085
SMP-2026-0183,577,547,54.7,False,0.862,86.2,-30,30,5.1993067590987865
SMP-2026-0184,78,74,7.4,False,0.973,97.3,-4,4,5.128205128205128
SMP-2026-0185,536,548,54.8,False,0.921,92.10000000000001,12,12,2.2388059701492535
SMP-2026-0186,190,202,20.2,False,0.89,89.0,12,12,6.315789473684211
SMP-2026-0187,54,51,5.1,False,0.94,94.0,-3,3,5.555555555555555
SMP-2026-0188,595,646,64.6,False,0.856,85.6,51,51,8.571428571428571
SMP-2026-0189,269,292,29.2,False,0.913,91.3,23,23,8.550185873605948
SMP-2026-0190,307,289,28.9,False,0.913,91.3,-18,18,5.863192182410423
SMP-2026-0191,381,363,36.3,False,0.871,87.1,-18,18,4.724409448818897
SMP-2026-0192,452,470,47.0,False,0.959,95.89999999999999,18,18,3.982300884955752
SMP-2026-0193,196,214,21.4,False,0.954,95.39999999999999,18,18,9.183673469387756
SMP-2026-0194,151,157,15.7,False,0.87,87.0,6,6,3.9735099337748347
SMP-2026-0195,331,327,32.7,False,0.897,89.7,-4,4,1.2084592145015105
SMP-2026-0196,220,205,20.5,False,0.863,86.3,-15,15,6.8181818181818175
SMP-2026-0197,465,461,46.1,False,0.96,96.0,-4,4,0.8602150537634409
SMP-2026-0198,264,270,27.0,False,0.892,89.2,6,6,2.272727272727273
SMP-2026-0199,179,173,17.3,False,0.907,90.7,-6,6,3.35195530726257
SMP-2026-0200,370,371,37.1,False,0.892,89.2,1,1,0.2702702702702703
SMP-2026-0201,618,572,57.2,False,0.89,89.0,-46,46,7.443365695792881
SMP-2026-0202,152,151,15.1,False,0.947,94.69999999999999,-1,1,0.6578947368421052
SMP-2026-0203,445,409,40.9,False,0.947,94.69999999999999,-36,36,8.089887640449438
SMP-2026-0204,380,346,34.6,False,0.917,91.7,-34,34,8.947368421052632
SMP-2026-0205,206,221,22.1,False,0.935,93.5,15,15,7.281553398058252
SMP-2026-0206,172,162,16.2,False,0.917,91.7,-10,10,5.813953488372093
SMP-2026-0207,964,978,97.8,True,0.854,85.39999999999999,14,14,1.4522821576763485
SMP-2026-0208,102,95,9.5,False,0.859,85.9,-7,7,6.862745098039216
SMP-2026-0209,832,792,79.2,True,0.9,90.0,-40,40,4.807692307692308
SMP-2026-0210,228,222,22.2,False,0.947,94.69999999999999,-6,6,2.631578947368421
SMP-2026-0211,445,413,41.3,False,0.969,96.89999999999999,-32,32,7.191011235955057
SMP-2026-0212,648,589,58.9,False,0.854,85.39999999999999,-59,59,9.104938271604938
SMP-2026-0213,127,137,13.7,False,0.898,89.8,10,10,7.874015748031496
SMP-2026-0214,363,328,32.8,False,0.879,87.9,-35,35,9.641873278236915
SMP-2026-0215,489,446,44.6,False,0.956,95.6,-43,43,8.793456032719837
SMP-2026-0216,314,333,33.3,False,0.96,96.0,19,19,6.050955414012739
SMP-2026-0217,649,621,62.1,False,0.877,87.7,-28,28,4.314329738058552
SMP-2026-0218,173,181,18.1,False,0.942,94.19999999999999,8,8,4.624277456647398
SMP-2026-0219,388,361,36.1,False,0.945,94.5,-27,27,6.958762886597938
SMP-2026-0220,612,580,58.0,False,0.873,87.3,-32,32,5.228758169934641
SMP-2026-0221,550,558,55.8,False,0.906,90.60000000000001,8,8,1.4545454545454546
SMP-2026-0222,97,106,10.6,False,0.931,93.10000000000001,9,9,9.278350515463918
SMP-2026-0223,526,481,48.1,False,0.853,85.3,-45,45,8.555133079847907
SMP-2026-0224,364,357,35.7,False,0.903,90.3,-7,7,1.9230769230769231
SMP-2026-0225,215,195,19.5,False,0.87,87.0,-20,20,9.30232558139535
SMP-2026-0226,480,451,45.1,False,0.92,92.0,-29,29,6.041666666666667
SMP-2026-0227,26,28,2.8,False,0.96,96.0,2,2,7.6923076923076925
SMP-2026-0228,647,595,59.5,False,0.918,91.8,-52,52,8.0370942812983
SMP-2026-0229,269,288,28.8,False,0.855,85.5,19,19,7.063197026022305
SMP-2026-0230,33,31,3.1,False,0.854,85.39999999999999,-2,2,6.0606060606060606
SMP-2026-0231,277,297,29.7,False,0.929,92.9,20,20,7.2202166064981945
SMP-2026-0232,382,385,38.5,False,0.893,89.3,3,3,0.7853403141361256
SMP-2026-0233,60,65,6.5,False,0.924,92.4,5,5,8.333333333333332
SMP-2026-0234,262,244,24.4,False,0.871,87.1,-18,18,6.870229007633588
SMP-2026-0235,267,281,28.1,False,0.951,95.1,14,14,5.2434456928838955
SMP-2026-0236,555,575,57.5,False,0.962,96.2,20,20,3.6036036036036037
SMP-2026-0237,45,45,4.5,False,0.966,96.6,0,0,0.0
SMP-2026-0238,801,851,85.1,True,0.89,89.0,50,50,6.242197253433209
SMP-2026-0239,231,238,23.8,False,0.936,93.60000000000001,7,7,3.0303030303030303
SMP-2026-0240,294,316,31.6,False,0.886,88.6,22,22,7.482993197278912
SMP-2026-0241,268,262,26.2,False,0.949,94.89999999999999,-6,6,2.2388059701492535
SMP-2026-0242,552,562,56.2,False,0.866,86.6,10,10,1.8115942028985508
SMP-2026-0243,497,534,53.4,False,0.949,94.89999999999999,37,37,7.44466800804829
SMP-2026-0244,282,266,26.6,False,0.907,90.7,-16,16,5.673758865248227
SMP-2026-0245,205,204,20.4,False,0.961,96.1,-1,1,0.4878048780487805
SMP-2026-0246,828,904,90.4,True,0.946,94.6,76,76,9.178743961352657
SMP-2026-0247,306,304,30.4,False,0.899,89.9,-2,2,0.6535947712418301
SMP-2026-0248,185,176,17.6,False,0.967,96.7,-9,9,4.864864864864865
SMP-2026-0249,226,219,21.9,False,0.887,88.7,-7,7,3.0973451327433628
SMP-2026-0250,450,485,48.5,False,0.976,97.6,35,35,7.777777777777778
SMP-2026-0251,226,247,24.7,False,0.95,95.0,21,21,9.29203539823009
SMP-2026-0252,499,544,54.4,False,0.979,97.89999999999999,45,45,9.01803607214429
SMP-2026-0253,401,417,41.7,False,0.857,85.7,16,16,3.99002493765586
SMP-2026-0254,822,824,82.4,True,0.886,88.6,2,2,0.24330900243309003
SMP-2026-0255,524,491,49.1,False,0.946,94.6,-33,33,6.297709923664121
SMP-2026-0256,1135,1049,100.0,True,0.97,97.0,-86,86,7.577092511013215
SMP-2026-0257,42,38,3.8,False,0.854,85.39999999999999,-4,4,9.523809523809524
SMP-2026-0258,36,33,3.3,False,0.85,85.0,-3,3,8.333333333333332
SMP-2026-0259,322,346,34.6,False,0.883,88.3,24,24,7.453416149068323
SMP-2026-0260,257,273,27.3,False,0.961,96.1,16,16,6.22568093385214
SMP-2026-0261,192,195,19.5,False,0.95,95.0,3,3,1.5625
SMP-2026-0262,101,111,11.1,False,0.894,89.4,10,10,9.900990099009901
SMP-2026-0263,294,321,32.1,False,0.85,85.0,27,27,9.183673469387756
SMP-2026-0264,25,26,2.6,False,0.922,92.2,1,1,4.0
SMP-2026-0265,832,826,82.6,True,0.881,88.1,-6,6,0.7211538461538461
SMP-2026-0266,241,224,22.4,False,0.947,94.69999999999999,-17,17,7.053941908713693
SMP-2026-0267,715,717,71.7,False,0.908,90.8,2,2,0.27972027972027974
SMP-2026-0268,289,269,26.9,False,0.938,93.8,-20,20,6.920415224913495
SMP-2026-0269,602,590,59.0,False,0.961,96.1,-12,12,1.9933554817275747
SMP-2026-0270,53,58,5.8,False,0.92,92.0,5,5,9.433962264150944
SMP-2026-0271,451,437,43.7,False,0.894,89.4,-14,14,3.1042128603104215
SMP-2026-0272,358,333,33.3,False,0.95,95.0,-25,25,6.983240223463687
SMP-2026-0273,313,318,31.8,False,0.884,88.4,5,5,1.5974440894568689
SMP-2026-0274,442,451,45.1,False,0.966,96.6,9,9,2.0361990950226243
SMP-2026-0275,860,807,80.7,True,0.859,85.9,-53,53,6.162790697674419
SMP-2026-0276,230,216,21.6,False,0.959,95.89999999999999,-14,14,6.086956521739131
SMP-2026-0277,560,615,61.5,False,0.862,86.2,55,55,9.821428571428571
SMP-2026-0278,335,318,31.8,False,0.857,85.7,-17,17,5.074626865671641
SMP-2026-0279,531,567,56.7,False,0.897,89.7,36,36,6.779661016949152
SMP-2026-0280,260,258,25.8,False,0.974,97.39999999999999,-2,2,0.7692307692307693
SMP-2026-0281,120,118,11.8,False,0.978,97.8,-2,2,1.6666666666666667
SMP-2026-0282,625,599,59.9,False,0.876,87.6,-26,26,4.16
SMP-2026-0283,98,103,10.3,False,0.869,86.9,5,5,5.1020408163265305
SMP-2026-0284,25,27,2.7,False,0.896,89.60000000000001,2,2,8.0
SMP-2026-0285,44,42,4.2,False,0.894,89.4,-2,2,4.545454545454546
SMP-2026-0286,224,206,20.6,False,0.949,94.89999999999999,-18,18,8.035714285714286
SMP-2026-0287,295,274,27.4,False,0.908,90.8,-21,21,7.118644067796611
SMP-2026-0288,107,113,11.3,False,0.951,95.1,6,6,5.607476635514018
SMP-2026-0289,30,30,3.0,False,0.947,94.69999999999999,0,0,0.0
SMP-2026-0290,255,236,23.6,False,0.925,92.5,-19,19,7.450980392156863
SMP-2026-0291,218,211,21.1,False,0.958,95.8,-7,7,3.211009174311927
SMP-2026-0292,914,917,91.7,True,0.875,87.5,3,3,0.3282275711159737
SMP-2026-0293,391,419,41.9,False,0.871,87.1,28,28,7.161125319693094
SMP-2026-0294,690,710,71.0,False,0.948,94.8,20,20,2.898550724637681
SMP-2026-0295,53,50,5.0,False,0.882,88.2,-3,3,5.660377358490567
SMP-2026-0296,453,422,42.2,False,0.85,85.0,-31,31,6.843267108167771
SMP-2026-0297,753,740,74.0,True,0.969,96.89999999999999,-13,13,1.7264276228419653
SMP-2026-0298,234,214,21.4,False,0.931,93.10000000000001,-20,20,8.547008547008547
SMP-2026-0299,178,187,18.7,False,0.908,90.8,9,9,5.056179775280898
SMP-2026-0300,38,37,3.7,False,0.944,94.39999999999999,-1,1,2.631578947368421
SMP-2026-0301,210,203,20.3,False,0.893,89.3,-7,7,3.3333333333333335
SMP-2026-0302,366,367,36.7,False,0.974,97.39999999999999,1,1,0.273224043715847
SMP-2026-0303,331,345,34.5,False,0.859,85.9,14,14,4.229607250755287
SMP-2026-0304,178,180,18.0,False,0.933,93.30000000000001,2,2,1.1235955056179776
SMP-2026-0305,545,578,57.8,False,0.951,95.1,33,33,6.055045871559633
SMP-2026-0306,29,30,3.0,False,0.911,91.10000000000001,1,1,3.4482758620689653
SMP-2026-0307,75,79,7.9,False,0.948,94.8,4,4,5.333333333333334
SMP-2026-0308,242,252,25.2,False,0.97,97.0,10,10,4.132231404958678
SMP-2026-0309,785,737,73.7,True,0.947,94.69999999999999,-48,48,6.114649681528663
SMP-2026-0310,95,86,8.6,False,0.89,89.0,-9,9,9.473684210526317
SMP-2026-0311,788,852,85.2,True,0.923,92.30000000000001,64,64,8.121827411167512
SMP-2026-0312,175,191,19.1,False,0.969,96.89999999999999,16,16,9.142857142857142
SMP-2026-0313,151,158,15.8,False,0.908,90.8,7,7,4.635761589403973
SMP-2026-0314,100,104,10.4,False,0.939,93.89999999999999,4,4,4.0
SMP-2026-0315,394,376,37.6,False,0.911,91.10000000000001,-18,18,4.568527918781726
SMP-2026-0316,675,681,68.1,False,0.866,86.6,6,6,0.8888888888888888
SMP-2026-0317,205,225,22.5,False,0.858,85.8,20,20,9.75609756097561
SMP-2026-0318,431,462,46.2,False,0.974,97.39999999999999,31,31,7.192575406032482
SMP-2026-0319,467,449,44.9,False,0.93,93.0,-18,18,3.854389721627409
SMP-2026-0320,173,166,16.6,False,0.863,86.3,-7,7,4.046242774566474
SMP-2026-0321,201,200,20.0,False,0.961,96.1,-1,1,0.4975124378109453
SMP-2026-0322,335,329,32.9,False,0.918,91.8,-6,6,1.791044776119403
SMP-2026-0323,33,32,3.2,False,0.95,95.0,-1,1,3.0303030303030303
SMP-2026-0324,320,328,32.8,False,0.866,86.6,8,8,2.5
SMP-2026-0325,583,526,52.6,False,0.968,96.8,-57,57,9.777015437392796
SMP-2026-0326,473,498,49.8,False,0.927,92.7,25,25,5.2854122621564485
SMP-2026-0327,179,188,18.8,False,0.946,94.6,9,9,5.027932960893855
SMP-2026-0328,76,81,8.1,False,0.854,85.39999999999999,5,5,6.578947368421052
SMP-2026-0329,216,231,23.1,False,0.891,89.1,15,15,6.944444444444445
SMP-2026-0330,194,197,19.7,False,0.885,88.5,3,3,1.5463917525773196
SMP-2026-0331,263,278,27.8,False,0.973,97.3,15,15,5.7034220532319395
SMP-2026-0332,187,187,18.7,False,0.874,87.4,0,0,0.0
SMP-2026-0333,287,313,31.3,False,0.942,94.19999999999999,26,26,9.059233449477352
SMP-2026-0334,833,781,78.1,True,0.856,85.6,-52,52,6.24249699879952
SMP-2026-0335,263,285,28.5,False,0.876,87.6,22,22,8.365019011406844
SMP-2026-0336,441,420,42.0,False,0.894,89.4,-21,21,4.761904761904762
SMP-2026-0337,151,139,13.9,False,0.953,95.3,-12,12,7.9470198675496695
SMP-2026-0338,568,561,56.1,False,0.953,95.3,-7,7,1.232394366197183
SMP-2026-0339,196,201,20.1,False,0.974,97.39999999999999,5,5,2.5510204081632653
SMP-2026-0340,443,419,41.9,False,0.969,96.89999999999999,-24,24,5.417607223476298
SMP-2026-0341,182,184,18.4,False,0.861,86.1,2,2,1.098901098901099
SMP-2026-0342,297,315,31.5,False,0.958,95.8,18,18,6.0606060606060606
SMP-2026-0343,244,232,23.2,False,0.909,90.9,-12,12,4.918032786885246
SMP-2026-0344,184,187,18.7,False,0.963,96.3,3,3,1.6304347826086956
SMP-2026-0345,138,134,13.4,False,0.862,86.2,-4,4,2.898550724637681
SMP-2026-0346,283,285,28.5,False,0.957,95.7,2,2,0.7067137809187279
SMP-2026-0347,492,508,50.8,False,0.871,87.1,16,16,3.2520325203252036
SMP-2026-0348,175,170,17.0,False,0.893,89.3,-5,5,2.857142857142857
SMP-2026-0349,176,193,19.3,False,0.854,85.39999999999999,17,17,9.659090909090908
SMP-2026-0350,940,952,95.2,True,0.866,86.6,12,12,1.276595744680851
SMP-2026-0351,616,656,65.6,False,0.908,90.8,40,40,6.493506493506493
SMP-2026-0352,534,558,55.8,False,0.956,95.6,24,24,4.49438202247191
SMP-2026-0353,274,293,29.3,False,0.951,95.1,19,19,6.934306569343065
SMP-2026-0354,116,108,10.8,False,0.881,88.1,-8,8,6.896551724137931
SMP-2026-0355,140,132,13.2,False,0.87,87.0,-8,8,5.714285714285714
SMP-2026-0356,102,102,10.2,False,0.901,90.10000000000001,0,0,0.0
SMP-2026-0357,894,957,95.7,True,0.965,96.5,63,63,7.046979865771812
SMP-2026-0358,660,620,62.0,False,0.862,86.2,-40,40,6.0606060606060606
SMP-2026-0359,562,615,61.5,False,0.921,92.10000000000001,53,53,9.430604982206406
SMP-2026-0360,748,692,69.2,False,0.862,86.2,-56,56,7.4866310160427805
SMP-2026-0361,407,381,38.1,False,0.911,91.10000000000001,-26,26,6.388206388206388
SMP-2026-0362,373,348,34.8,False,0.866,86.6,-25,25,6.702412868632708
SMP-2026-0363,122,124,12.4,False,0.86,86.0,2,2,1.639344262295082
SMP-2026-0364,762,826,82.6,True,0.875,87.5,64,64,8.398950131233596
SMP-2026-0365,89,85,8.5,False,0.883,88.3,-4,4,4.49438202247191
SMP-2026-0366,976,986,98.6,True,0.886,88.6,10,10,1.0245901639344261
SMP-2026-0367,588,550,55.0,False,0.934,93.4,-38,38,6.462585034013606
SMP-2026-0368,61,63,6.3,False,0.857,85.7,2,2,3.278688524590164
SMP-2026-0369,299,276,27.6,False,0.861,86.1,-23,23,7.6923076923076925
SMP-2026-0370,725,724,72.4,False,0.875,87.5,-1,1,0.13793103448275862
SMP-2026-0371,271,279,27.9,False,0.963,96.3,8,8,2.952029520295203
SMP-2026-0372,457,464,46.4,False,0.932,93.2,7,7,1.5317286652078774
SMP-2026-0373,931,864,86.4,True,0.945,94.5,-67,67,7.196562835660581
SMP-2026-0374,342,319,31.9,False,0.898,89.8,-23,23,6.725146198830409
SMP-2026-0375,285,295,29.5,False,0.878,87.8,10,10,3.508771929824561
SMP-2026-0376,504,535,53.5,False,0.855,85.5,31,31,6.15079365079365
SMP-2026-0377,615,665,66.5,False,0.914,91.4,50,50,8.130081300813007
SMP-2026-0378,84,89,8.9,False,0.925,92.5,5,5,5.952380952380952
SMP-2026-0379,70,77,7.7,False,0.967,96.7,7,7,10.0
SMP-2026-0380,188,185,18.5,False,0.965,96.5,-3,3,1.5957446808510638
SMP-2026-0381,950,918,91.8,True,0.905,90.5,-32,32,3.3684210526315788
SMP-2026-0382,583,528,52.8,False,0.905,90.5,-55,55,9.433962264150944
SMP-2026-0383,438,434,43.4,False,0.871,87.1,-4,4,0.91324200913242
SMP-2026-0384,135,139,13.9,False,0.883,88.3,4,4,2.9629629629629632
SMP-2026-0385,227,241,24.1,False,0.97,97.0,14,14,6.167400881057269
SMP-2026-0386,320,305,30.5,False,0.868,86.8,-15,15,4.6875
SMP-2026-0387,191,192,19.2,False,0.976,97.6,1,1,0.5235602094240838
SMP-2026-0388,154,159,15.9,False,0.916,91.60000000000001,5,5,3.2467532467532463
SMP-2026-0389,162,164,16.4,False,0.909,90.9,2,2,1.2345679012345678
SMP-2026-0390,672,642,64.2,False,0.873,87.3,-30,30,4.464285714285714
SMP-2026-0391,522,553,55.3,False,0.936,93.60000000000001,31,31,5.938697318007663
SMP-2026-0392,282,264,26.4,False,0.91,91.0,-18,18,6.382978723404255
SMP-2026-0393,283,306,30.6,False,0.898,89.8,23,23,8.12720848056537
SMP-2026-0394,220,240,24.0,False,0.884,88.4,20,20,9.090909090909092
SMP-2026-0395,1110,1080,100.0,True,0.859,85.9,-30,30,2.7027027027027026
SMP-2026-0396,117,114,11.4,False,0.918,91.8,-3,3,2.564102564102564
SMP-2026-0397,338,354,35.4,False,0.891,89.1,16,16,4.733727810650888
SMP-2026-0398,250,248,24.8,False,0.942,94.19999999999999,-2,2,0.8
SMP-2026-0399,466,422,42.2,False,0.944,94.39999999999999,-44,44,9.44206008583691
SMP-2026-0400,554,601,60.1,False,0.893,89.3,47,47,8.483754512635379
SMP-2026-0401,64,63,6.3,False,0.937,93.7,-1,1,1.5625
SMP-2026-0402,338,318,31.8,False,0.884,88.4,-20,20,5.9171597633136095
SMP-2026-0403,534,540,54.0,False,0.945,94.5,6,6,1.1235955056179776
SMP-2026-0404,22,21,2.1,False,0.852,85.2,-1,1,4.545454545454546
SMP-2026-0405,576,542,54.2,False,0.87,87.0,-34,34,5.902777777777778
SMP-2026-0406,91,92,9.2,False,0.882,88.2,1,1,1.098901098901099
SMP-2026-0407,221,216,21.6,False,0.95,95.0,-5,5,2.262443438914027
SMP-2026-0408,211,214,21.4,False,0.859,85.9,3,3,1.4218009478672986
SMP-2026-0409,778,855,85.5,True,0.874,87.4,77,77,9.897172236503856
SMP-2026-0410,145,155,15.5,False,0.897,89.7,10,10,6.896551724137931
SMP-2026-0411,812,732,73.2,True,0.851,85.1,-80,80,9.852216748768473
SMP-2026-0412,689,627,62.7,False,0.949,94.89999999999999,-62,62,8.99854862119013
SMP-2026-0413,639,653,65.3,False,0.923,92.30000000000001,14,14,2.190923317683881
SMP-2026-0414,841,862,86.2,True,0.967,96.7,21,21,2.4970273483947683
SMP-2026-0415,367,395,39.5,False,0.854,85.39999999999999,28,28,7.629427792915531
SMP-2026-0416,41,42,4.2,False,0.885,88.5,1,1,2.4390243902439024
SMP-2026-0417,271,256,25.6,False,0.945,94.5,-15,15,5.535055350553505
SMP-2026-0418,447,444,44.4,False,0.938,93.8,-3,3,0.6711409395973155
SMP-2026-0419,131,139,13.9,False,0.882,88.2,8,8,6.106870229007633
SMP-2026-0420,610,662,66.2,False,0.927,92.7,52,52,8.524590163934425
SMP-2026-0421,1015,962,96.2,True,0.953,95.3,-53,53,5.22167487684729
SMP-2026-0422,40,40,4.0,False,0.854,85.39999999999999,0,0,0.0
SMP-2026-0423,738,688,68.8,False,0.943,94.3,-50,50,6.775067750677506
SMP-2026-0424,257,257,25.7,False,0.883,88.3,0,0,0.0
SMP-2026-0425,408,375,37.5,False,0.973,97.3,-33,33,8.088235294117647
SMP-2026-0426,81,88,8.8,False,0.92,92.0,7,7,8.641975308641975
SMP-2026-0427,65,67,6.7,False,0.854,85.39999999999999,2,2,3.076923076923077
SMP-2026-0428,432,463,46.3,False,0.902,90.2,31,31,7.175925925925926
SMP-2026-0429,902,992,99.2,True,0.976,97.6,90,90,9.977827050997783
SMP-2026-0430,841,788,78.8,True,0.945,94.5,-53,53,6.302021403091558
SMP-2026-0431,575,597,59.7,False,0.889,88.9,22,22,3.826086956521739
SMP-2026-0432,51,55,5.5,False,0.925,92.5,4,4,7.8431372549019605
SMP-2026-0433,702,713,71.3,False,0.928,92.80000000000001,11,11,1.566951566951567
SMP-2026-0434,249,256,25.6,False,0.853,85.3,7,7,2.8112449799196786
SMP-2026-0435,310,304,30.4,False,0.873,87.3,-6,6,1.935483870967742
SMP-2026-0436,299,309,30.9,False,0.922,92.2,10,10,3.3444816053511706
SMP-2026-0437,243,238,23.8,False,0.902,90.2,-5,5,2.05761316872428
SMP-2026-0438,241,240,24.0,False,0.875,87.5,-1,1,0.4149377593360996
SMP-2026-0439,48,44,4.4,False,0.95,95.0,-4,4,8.333333333333332
SMP-2026-0440,840,757,75.7,True,0.914,91.4,-83,83,9.880952380952381
SMP-2026-0441,222,202,20.2,False,0.89,89.0,-20,20,9.00900900900901
SMP-2026-0442,665,624,62.4,False,0.871,87.1,-41,41,6.165413533834586
SMP-2026-0443,322,319,31.9,False,0.929,92.9,-3,3,0.9316770186335404
SMP-2026-0444,356,322,32.2,False,0.937,93.7,-34,34,9.550561797752808
SMP-2026-0445,897,835,83.5,True,0.937,93.7,-62,62,6.911928651059086
SMP-2026-0446,62,65,6.5,False,0.879,87.9,3,3,4.838709677419355
SMP-2026-0447,311,327,32.7,False,0.927,92.7,16,16,5.144694533762058
SMP-2026-0448,431,456,45.6,False,0.968,96.8,25,25,5.800464037122969
SMP-2026-0449,353,383,38.3,False,0.896,89.60000000000001,30,30,8.498583569405099
SMP-2026-0450,104,96,9.6,False,0.877,87.7,-8,8,7.6923076923076925
SMP-2026-0451,232,216,21.6,False,0.95,95.0,-16,16,6.896551724137931
SMP-2026-0452,82,79,7.9,False,0.873,87.3,-3,3,3.6585365853658534
SMP-2026-0453,904,979,97.9,True,0.883,88.3,75,75,8.29646017699115
SMP-2026-0454,339,358,35.8,False,0.863,86.3,19,19,5.604719764011799
SMP-2026-0455,48,46,4.6,False,0.885,88.5,-2,2,4.166666666666666
SMP-2026-0456,347,318,31.8,False,0.903,90.3,-29,29,8.357348703170029
SMP-2026-0457,156,160,16.0,False,0.858,85.8,4,4,2.564102564102564
SMP-2026-0458,196,186,18.6,False,0.963,96.3,-10,10,5.1020408163265305
SMP-2026-0459,506,509,50.9,False,0.917,91.7,3,3,0.592885375494071
SMP-2026-0460,345,375,37.5,False,0.926,92.60000000000001,30,30,8.695652173913043
SMP-2026-0461,110,112,11.2,False,0.898,89.8,2,2,1.8181818181818181
SMP-2026-0462,582,631,63.1,False,0.937,93.7,49,49,8.419243986254296
SMP-2026-0463,218,213,21.3,False,0.906,90.60000000000001,-5,5,2.293577981651376
SMP-2026-0464,646,663,66.3,False,0.949,94.89999999999999,17,17,2.631578947368421
SMP-2026-0465,175,189,18.9,False,0.957,95.7,14,14,8.0
SMP-2026-0466,399,406,40.6,False,0.937,93.7,7,7,1.7543859649122806
SMP-2026-0467,494,505,50.5,False,0.914,91.4,11,11,2.2267206477732793
SMP-2026-0468,226,236,23.6,False,0.952,95.19999999999999,10,10,4.424778761061947
SMP-2026-0469,478,515,51.5,False,0.914,91.4,37,37,7.740585774058577
SMP-2026-0470,443,407,40.7,False,0.864,86.4,-36,36,8.126410835214447
SMP-2026-0471,561,543,54.3,False,0.865,86.5,-18,18,3.2085561497326207
SMP-2026-0472,902,884,88.4,True,0.973,97.3,-18,18,1.9955654101995564
SMP-2026-0473,505,546,54.6,False,0.878,87.8,41,41,8.118811881188119
SMP-2026-0474,196,214,21.4,False,0.956,95.6,18,18,9.183673469387756
SMP-2026-0475,116,107,10.7,False,0.882,88.2,-9,9,7.758620689655173
SMP-2026-0476,189,175,17.5,False,0.906,90.60000000000001,-14,14,7.4074074074074066
SMP-2026-0477,1015,1103,100.0,True,0.935,93.5,88,88,8.669950738916256
SMP-2026-0478,779,747,74.7,True,0.871,87.1,-32,32,4.10783055198973
SMP-2026-0479,894,848,84.8,True,0.946,94.6,-46,46,5.1454138702460845
SMP-2026-0480,330,299,29.9,False,0.94,94.0,-31,31,9.393939393939393
SMP-2026-0481,479,458,45.8,False,0.921,92.10000000000001,-21,21,4.3841336116910234
SMP-2026-0482,69,72,7.2,False,0.924,92.4,3,3,4.3478260869565215
SMP-2026-0483,375,369,36.9,False,0.864,86.4,-6,6,1.6
SMP-2026-0484,546,548,54.8,False,0.907,90.7,2,2,0.3663003663003663
SMP-2026-0485,316,342,34.2,False,0.861,86.1,26,26,8.227848101265822
SMP-2026-0486,81,75,7.5,False,0.89,89.0,-6,6,7.4074074074074066
SMP-2026-0487,357,326,32.6,False,0.967,96.7,-31,31,8.683473389355742
SMP-2026-0488,428,458,45.8,False,0.925,92.5,30,30,7.009345794392523
SMP-2026-0489,678,715,71.5,False,0.947,94.69999999999999,37,37,5.457227138643068
SMP-2026-0490,208,198,19.8,False,0.925,92.5,-10,10,4.807692307692308
SMP-2026-0491,280,270,27.0,False,0.875,87.5,-10,10,3.571428571428571
SMP-2026-0492,99,95,9.5,False,0.927,92.7,-4,4,4.040404040404041
SMP-2026-0493,202,208,20.8,False,0.948,94.8,6,6,2.9702970297029703
SMP-2026-0494,200,182,18.2,False,0.868,86.8,-18,18,9.0
SMP-2026-0495,755,753,75.3,True,0.956,95.6,-2,2,0.26490066225165565
SMP-2026-0496,549,509,50.9,False,0.922,92.2,-40,40,7.285974499089254
SMP-2026-0497,312,332,33.2,False,0.851,85.1,20,20,6.41025641025641
SMP-2026-0498,341,333,33.3,False,0.918,91.8,-8,8,2.346041055718475
SMP-2026-0499,826,831,83.1,True,0.901,90.10000000000001,5,5,0.6053268765133172
SMP-2026-0500,169,153,15.3,False,0.889,88.9,-16,16,9.467455621301776
SMP-2026-0501,318,290,29.0,False,0.95,95.0,-28,28,8.80503144654088
SMP-2026-0502,202,209,20.9,False,0.967,96.7,7,7,3.4653465346534658
SMP-2026-0503,473,498,49.8,False,0.949,94.89999999999999,25,25,5.2854122621564485
SMP-2026-0504,807,841,84.1,True,0.96,96.0,34,34,4.2131350681536555
SMP-2026-0505,967,1013,100.0,True,0.968,96.8,46,46,4.756980351602896
SMP-2026-0506,388,357,35.7,False,0.969,96.89999999999999,-31,31,7.989690721649484
SMP-2026-0507,810,841,84.1,True,0.865,86.5,31,31,3.8271604938271606
SMP-2026-0508,413,387,38.7,False,0.909,90.9,-26,26,6.2953995157385
SMP-2026-0509,60,55,5.5,False,0.85,85.0,-5,5,8.333333333333332
SMP-2026-0510,780,820,82.0,True,0.916,91.60000000000001,40,40,5.128205128205128
SMP-2026-0511,516,556,55.6,False,0.97,97.0,40,40,7.751937984496124
SMP-2026-0512,276,288,28.8,False,0.876,87.6,12,12,4.3478260869565215
SMP-2026-0513,430,456,45.6,False,0.933,93.30000000000001,26,26,6.046511627906977
SMP-2026-0514,199,219,21.9,False,0.934,93.4,20,20,10.050251256281408
SMP-2026-0515,82,76,7.6,False,0.871,87.1,-6,6,7.317073170731707
SMP-2026-0516,367,401,40.1,False,0.881,88.1,34,34,9.264305177111716
SMP-2026-0517,182,186,18.6,False,0.91,91.0,4,4,2.197802197802198
SMP-2026-0518,851,904,90.4,True,0.874,87.4,53,53,6.227967097532315
SMP-2026-0519,370,381,38.1,False,0.926,92.60000000000001,11,11,2.9729729729729732
SMP-2026-0520,771,782,78.2,True,0.913,91.3,11,11,1.4267185473411155
SMP-2026-0521,487,507,50.7,False,0.917,91.7,20,20,4.1067761806981515
SMP-2026-0522,375,362,36.2,False,0.867,86.7,-13,13,3.4666666666666663
SMP-2026-0523,791,858,85.8,True,0.917,91.7,67,67,8.470290771175728
SMP-2026-0524,243,224,22.4,False,0.856,85.6,-19,19,7.818930041152264
SMP-2026-0525,268,258,25.8,False,0.965,96.5,-10,10,3.731343283582089
SMP-2026-0526,183,166,16.6,False,0.895,89.5,-17,17,9.289617486338798
SMP-2026-0527,328,313,31.3,False,0.961,96.1,-15,15,4.573170731707317
SMP-2026-0528,348,328,32.8,False,0.941,94.1,-20,20,5.747126436781609
SMP-2026-0529,336,306,30.6,False,0.95,95.0,-30,30,8.928571428571429
SMP-2026-0530,319,318,31.8,False,0.891,89.1,-1,1,0.3134796238244514
SMP-2026-0531,850,845,84.5,True,0.88,88.0,-5,5,0.5882352941176471
SMP-2026-0532,338,309,30.9,False,0.903,90.3,-29,29,8.579881656804734
SMP-2026-0533,63,60,6.0,False,0.853,85.3,-3,3,4.761904761904762
SMP-2026-0534,844,921,92.1,True,0.969,96.89999999999999,77,77,9.123222748815166
SMP-2026-0535,601,554,55.4,False,0.9,90.0,-47,47,7.820299500831947
SMP-2026-0536,326,313,31.3,False,0.979,97.89999999999999,-13,13,3.9877300613496933
SMP-2026-0537,245,222,22.2,False,0.949,94.89999999999999,-23,23,9.387755102040817
SMP-2026-0538,83,77,7.7,False,0.86,86.0,-6,6,7.228915662650602
SMP-2026-0539,666,693,69.3,False,0.936,93.60000000000001,27,27,4.054054054054054
SMP-2026-0540,241,235,23.5,False,0.885,88.5,-6,6,2.4896265560165975
SMP-2026-0541,336,333,33.3,False,0.882,88.2,-3,3,0.8928571428571428
SMP-2026-0542,581,541,54.1,False,0.883,88.3,-40,40,6.884681583476763
SMP-2026-0543,246,255,25.5,False,0.969,96.89999999999999,9,9,3.6585365853658534
SMP-2026-0544,234,246,24.6,False,0.915,91.5,12,12,5.128205128205128
SMP-2026-0545,432,404,40.4,False,0.937,93.7,-28,28,6.481481481481481
SMP-2026-0546,773,703,70.3,True,0.887,88.7,-70,70,9.055627425614489
SMP-2026-0547,98,90,9.0,False,0.918,91.8,-8,8,8.16326530612245
SMP-2026-0548,92,95,9.5,False,0.896,89.60000000000001,3,3,3.260869565217391
SMP-2026-0549,39,36,3.6,False,0.892,89.2,-3,3,7.6923076923076925
SMP-2026-0550,47,47,4.7,False,0.882,88.2,0,0,0.0
SMP-2026-0551,338,315,31.5,False,0.903,90.3,-23,23,6.804733727810651
SMP-2026-0552,218,204,20.4,False,0.936,93.60000000000001,-14,14,6.422018348623854
SMP-2026-0553,130,117,11.7,False,0.879,87.9,-13,13,10.0
SMP-2026-0554,810,781,78.1,True,0.976,97.6,-29,29,3.580246913580247
SMP-2026-0555,395,363,36.3,False,0.866,86.6,-32,32,8.10126582278481
SMP-2026-0556,1026,1004,100.0,True,0.912,91.2,-22,22,2.144249512670565
SMP-2026-0557,412,420,42.0,False,0.861,86.1,8,8,1.9417475728155338
SMP-2026-0558,450,438,43.8,False,0.853,85.3,-12,12,2.666666666666667
SMP-2026-0559,321,334,33.4,False,0.97,97.0,13,13,4.049844236760125
SMP-2026-0560,550,577,57.7,False,0.955,95.5,27,27,4.909090909090909
SMP-2026-0561,324,337,33.7,False,0.94,94.0,13,13,4.012345679012346
SMP-2026-0562,158,172,17.2,False,0.962,96.2,14,14,8.860759493670885
SMP-2026-0563,298,282,28.2,False,0.954,95.39999999999999,-16,16,5.369127516778524
SMP-2026-0564,291,273,27.3,False,0.934,93.4,-18,18,6.185567010309279
SMP-2026-0565,344,352,35.2,False,0.96,96.0,8,8,2.3255813953488373
SMP-2026-0566,617,629,62.9,False,0.901,90.10000000000001,12,12,1.9448946515397085
SMP-2026-0567,730,731,73.1,False,0.922,92.2,1,1,0.136986301369863
SMP-2026-0568,584,526,52.6,False,0.951,95.1,-58,58,9.931506849315069
SMP-2026-0569,626,633,63.3,False,0.861,86.1,7,7,1.1182108626198082
SMP-2026-0570,659,716,71.6,False,0.962,96.2,57,57,8.649468892261002
SMP-2026-0571,111,107,10.7,False,0.87,87.0,-4,4,3.6036036036036037
SMP-2026-0572,226,247,24.7,False,0.962,96.2,21,21,9.29203539823009
SMP-2026-0573,911,885,88.5,True,0.89,89.0,-26,26,2.8540065861690453
SMP-2026-0574,41,38,3.8,False,0.892,89.2,-3,3,7.317073170731707
SMP-2026-0575,692,678,67.8,False,0.86,86.0,-14,14,2.023121387283237
SMP-2026-0576,90,90,9.0,False,0.965,96.5,0,0,0.0
SMP-2026-0577,471,483,48.3,False,0.873,87.3,12,12,2.547770700636943
SMP-2026-0578,722,723,72.3,False,0.932,93.2,1,1,0.13850415512465375
SMP-2026-0579,128,129,12.9,False,0.934,93.4,1,1,0.78125
SMP-2026-0580,138,125,12.5,False,0.887,88.7,-13,13,9.420289855072465
SMP-2026-0581,350,333,33.3,False,0.978,97.8,-17,17,4.857142857142857
SMP-2026-0582,541,521,52.1,False,0.858,85.8,-20,20,3.6968576709796674
SMP-2026-0583,21,23,2.3,False,0.929,92.9,2,2,9.523809523809524
SMP-2026-0584,821,787,78.7,True,0.912,91.2,-34,34,4.141291108404385
SMP-2026-0585,75,81,8.1,False,0.882,88.2,6,6,8.0
SMP-2026-0586,1004,965,96.5,True,0.871,87.1,-39,39,3.8844621513944224
SMP-2026-0587,672,618,61.8,False,0.946,94.6,-54,54,8.035714285714286
SMP-2026-0588,184,175,17.5,False,0.969,96.89999999999999,-9,9,4.891304347826087
SMP-2026-0589,471,450,45.0,False,0.864,86.4,-21,21,4.45859872611465
SMP-2026-0590,353,387,38.7,False,0.875,87.5,34,34,9.631728045325778
SMP-2026-0591,339,351,35.1,False,0.978,97.8,12,12,3.5398230088495577
SMP-2026-0592,88,96,9.6,False,0.852,85.2,8,8,9.090909090909092
SMP-2026-0593,43,46,4.6,False,0.916,91.60000000000001,3,3,6.976744186046512
SMP-2026-0594,50,51,5.1,False,0.917,91.7,1,1,2.0
SMP-2026-0595,187,194,19.4,False,0.884,88.4,7,7,3.7433155080213902
SMP-2026-0596,175,179,17.9,False,0.936,93.60000000000001,4,4,2.2857142857142856
SMP-2026-0597,304,314,31.4,False,0.973,97.3,10,10,3.289473684210526
SMP-2026-0598,854,814,81.4,True,0.909,90.9,-40,40,4.683840749414521
SMP-2026-0599,347,341,34.1,False,0.947,94.69999999999999,-6,6,1.729106628242075
SMP-2026-0600,402,409,40.9,False,0.934,93.4,7,7,1.7412935323383085
SMP-2026-0601,415,376,37.6,False,0.911,91.10000000000001,-39,39,9.397590361445783
SMP-2026-0602,860,857,85.7,True,0.856,85.6,-3,3,0.3488372093023256
SMP-2026-0603,692,742,74.2,False,0.946,94.6,50,50,7.225433526011561
SMP-2026-0604,710,709,70.9,False,0.897,89.7,-1,1,0.14084507042253522
SMP-2026-0605,494,499,49.9,False,0.879,87.9,5,5,1.0121457489878543
SMP-2026-0606,59,55,5.5,False,0.973,97.3,-4,4,6.779661016949152
SMP-2026-0607,238,252,25.2,False,0.951,95.1,14,14,5.88235294117647
SMP-2026-0608,422,410,41.0,False,0.975,97.5,-12,12,2.843601895734597
SMP-2026-0609,227,248,24.8,False,0.883,88.3,21,21,9.251101321585903
SMP-2026-0610,302,332,33.2,False,0.959,95.89999999999999,30,30,9.933774834437086
SMP-2026-0611,88,95,9.5,False,0.929,92.9,7,7,7.954545454545454
SMP-2026-0612,530,486,48.6,False,0.978,97.8,-44,44,8.30188679245283
SMP-2026-0613,193,187,18.7,False,0.973,97.3,-6,6,3.1088082901554404
SMP-2026-0614,411,448,44.8,False,0.976,97.6,37,37,9.002433090024331
SMP-2026-0615,709,752,75.2,False,0.974,97.39999999999999,43,43,6.064880112834979
SMP-2026-0616,220,238,23.8,False,0.851,85.1,18,18,8.181818181818182
SMP-2026-0617,123,125,12.5,False,0.946,94.6,2,2,1.6260162601626018
SMP-2026-0618,303,302,30.2,False,0.885,88.5,-1,1,0.33003300330033003
SMP-2026-0619,436,402,40.2,False,0.942,94.19999999999999,-34,34,7.79816513761468
SMP-2026-0620,140,150,15.0,False,0.977,97.7,10,10,7.142857142857142
SMP-2026-0621,173,181,18.1,False,0.855,85.5,8,8,4.624277456647398
SMP-2026-0622,603,550,55.0,False,0.924,92.4,-53,53,8.7893864013267
SMP-2026-0623,595,560,56.0,False,0.946,94.6,-35,35,5.88235294117647
SMP-2026-0624,321,325,32.5,False,0.883,88.3,4,4,1.2461059190031152
SMP-2026-0625,541,561,56.1,False,0.879,87.9,20,20,3.6968576709796674
SMP-2026-0626,575,533,53.3,False,0.858,85.8,-42,42,7.304347826086957
SMP-2026-0627,477,453,45.3,False,0.862,86.2,-24,24,5.031446540880504
SMP-2026-0628,183,172,17.2,False,0.935,93.5,-11,11,6.0109289617486334
SMP-2026-0629,81,76,7.6,False,0.916,91.60000000000001,-5,5,6.172839506172839
SMP-2026-0630,181,196,19.6,False,0.854,85.39999999999999,15,15,8.287292817679557
SMP-2026-0631,191,199,19.9,False,0.976,97.6,8,8,4.18848167539267
SMP-2026-0632,437,458,45.8,False,0.935,93.5,21,21,4.805491990846682
SMP-2026-0633,43,46,4.6,False,0.917,91.7,3,3,6.976744186046512
SMP-2026-0634,568,552,55.2,False,0.885,88.5,-16,16,2.8169014084507045
SMP-2026-0635,393,414,41.4,False,0.936,93.60000000000001,21,21,5.343511450381679
SMP-2026-0636,172,188,18.8,False,0.897,89.7,16,16,9.30232558139535
SMP-2026-0637,363,377,37.7,False,0.941,94.1,14,14,3.8567493112947657
SMP-2026-0638,177,174,17.4,False,0.939,93.89999999999999,-3,3,1.694915254237288
SMP-2026-0639,104,109,10.9,False,0.862,86.2,5,5,4.807692307692308
SMP-2026-0640,541,584,58.4,False,0.968,96.8,43,43,7.948243992606285
SMP-2026-0641,37,34,3.4,False,0.913,91.3,-3,3,8.108108108108109
SMP-2026-0642,612,583,58.3,False,0.901,90.10000000000001,-29,29,4.738562091503268
SMP-2026-0643,303,328,32.8,False,0.974,97.39999999999999,25,25,8.25082508250825
SMP-2026-0644,277,302,30.2,False,0.907,90.7,25,25,9.025270758122744
SMP-2026-0645,591,589,58.9,False,0.944,94.39999999999999,-2,2,0.338409475465313
SMP-2026-0646,475,463,46.3,False,0.935,93.5,-12,12,2.526315789473684
SMP-2026-0647,139,133,13.3,False,0.871,87.1,-6,6,4.316546762589928
SMP-2026-0648,74,74,7.4,False,0.979,97.89999999999999,0,0,0.0
SMP-2026-0649,278,302,30.2,False,0.91,91.0,24,24,8.633093525179856
SMP-2026-0650,412,383,38.3,False,0.901,90.10000000000001,-29,29,7.038834951456311
SMP-2026-0651,176,173,17.3,False,0.97,97.0,-3,3,1.7045454545454544
SMP-2026-0652,355,384,38.4,False,0.919,91.9,29,29,8.169014084507042
SMP-2026-0653,534,518,51.8,False,0.942,94.19999999999999,-16,16,2.9962546816479403
SMP-2026-0654,606,638,63.8,False,0.96,96.0,32,32,5.2805280528052805
SMP-2026-0655,65,64,6.4,False,0.881,88.1,-1,1,1.5384615384615385
SMP-2026-0656,388,412,41.2,False,0.872,87.2,24,24,6.185567010309279
SMP-2026-0657,190,208,20.8,False,0.859,85.9,18,18,9.473684210526317
SMP-2026-0658,88,86,8.6,False,0.967,96.7,-2,2,2.272727272727273
SMP-2026-0659,243,260,26.0,False,0.876,87.6,17,17,6.995884773662551
SMP-2026-0660,33,36,3.6,False,0.89,89.0,3,3,9.090909090909092
SMP-2026-0661,297,326,32.6,False,0.887,88.7,29,29,9.764309764309765
SMP-2026-0662,817,806,80.6,True,0.89,89.0,-11,11,1.346389228886169
SMP-2026-0663,90,90,9.0,False,0.937,93.7,0,0,0.0
SMP-2026-0664,196,188,18.8,False,0.974,97.39999999999999,-8,8,4.081632653061225
SMP-2026-0665,331,319,31.9,False,0.893,89.3,-12,12,3.625377643504532
SMP-2026-0666,687,686,68.6,False,0.903,90.3,-1,1,0.1455604075691412
SMP-2026-0667,266,250,25.0,False,0.95,95.0,-16,16,6.015037593984962
SMP-2026-0668,429,447,44.7,False,0.906,90.60000000000001,18,18,4.195804195804196
SMP-2026-0669,322,324,32.4,False,0.97,97.0,2,2,0.6211180124223602
SMP-2026-0670,645,696,69.6,False,0.915,91.5,51,51,7.906976744186046
SMP-2026-0671,589,626,62.6,False,0.895,89.5,37,37,6.281833616298811
SMP-2026-0672,706,681,68.1,False,0.976,97.6,-25,25,3.5410764872521248
SMP-2026-0673,188,188,18.8,False,0.905,90.5,0,0,0.0
SMP-2026-0674,110,116,11.6,False,0.88,88.0,6,6,5.454545454545454
SMP-2026-0675,81,76,7.6,False,0.873,87.3,-5,5,6.172839506172839
SMP-2026-0676,406,368,36.8,False,0.979,97.89999999999999,-38,38,9.35960591133005
SMP-2026-0677,1101,1179,100.0,True,0.948,94.8,78,78,7.084468664850137
SMP-2026-0678,231,214,21.4,False,0.903,90.3,-17,17,7.35930735930736
SMP-2026-0679,279,301,30.1,False,0.957,95.7,22,22,7.885304659498208
SMP-2026-0680,777,841,84.1,True,0.921,92.10000000000001,64,64,8.236808236808237
SMP-2026-0681,449,445,44.5,False,0.891,89.1,-4,4,0.8908685968819599
SMP-2026-0682,63,67,6.7,False,0.947,94.69999999999999,4,4,6.349206349206349
SMP-2026-0683,414,403,40.3,False,0.947,94.69999999999999,-11,11,2.657004830917874
SMP-2026-0684,327,350,35.0,False,0.915,91.5,23,23,7.033639143730887
SMP-2026-0685,777,827,82.7,True,0.856,85.6,50,50,6.435006435006435
SMP-2026-0686,45,41,4.1,False,0.86,86.0,-4,4,8.88888888888889
SMP-2026-0687,295,300,30.0,False,0.953,95.3,5,5,1.694915254237288
SMP-2026-0688,462,475,47.5,False,0.957,95.7,13,13,2.813852813852814
SMP-2026-0689,152,137,13.7,False,0.938,93.8,-15,15,9.868421052631579
SMP-2026-0690,350,384,38.4,False,0.959,95.89999999999999,34,34,9.714285714285714
SMP-2026-0691,262,257,25.7,False,0.944,94.39999999999999,-5,5,1.9083969465648856
SMP-2026-0692,105,105,10.5,False,0.967,96.7,0,0,0.0
SMP-2026-0693,727,683,68.3,False,0.87,87.0,-44,44,6.052269601100413
SMP-2026-0694,559,571,57.1,False,0.9,90.0,12,12,2.146690518783542
SMP-2026-0695,160,170,17.0,False,0.91,91.0,10,10,6.25
SMP-2026-0696,219,223,22.3,False,0.889,88.9,4,4,1.82648401826484
SMP-2026-0697,572,605,60.5,False,0.944,94.39999999999999,33,33,5.769230769230769
SMP-2026-0698,182,190,19.0,False,0.969,96.89999999999999,8,8,4.395604395604396
SMP-2026-0699,71,67,6.7,False,0.904,90.4,-4,4,5.633802816901409
SMP-2026-0700,284,280,28.0,False,0.972,97.2,-4,4,1.4084507042253522
SMP-2026-0701,418,389,38.9,False,0.917,91.7,-29,29,6.937799043062201
SMP-2026-0702,63,57,5.7,False,0.918,91.8,-6,6,9.523809523809524
SMP-2026-0703,183,167,16.7,False,0.928,92.80000000000001,-16,16,8.743169398907105
SMP-2026-0704,77,84,8.4,False,0.885,88.5,7,7,9.090909090909092
SMP-2026-0705,840,921,92.1,True,0.9,90.0,81,81,9.642857142857144
SMP-2026-0706,146,134,13.4,False,0.922,92.2,-12,12,8.21917808219178
SMP-2026-0707,168,162,16.2,False,0.972,97.2,-6,6,3.571428571428571
SMP-2026-0708,892,823,82.3,True,0.934,93.4,-69,69,7.73542600896861
SMP-2026-0709,400,427,42.7,False,0.893,89.3,27,27,6.75
SMP-2026-0710,59,59,5.9,False,0.851,85.1,0,0,0.0
SMP-2026-0711,68,70,7.0,False,0.978,97.8,2,2,2.941176470588235
SMP-2026-0712,80,81,8.1,False,0.914,91.4,1,1,1.25
SMP-2026-0713,127,132,13.2,False,0.972,97.2,5,5,3.937007874015748
SMP-2026-0714,295,284,28.4,False,0.921,92.10000000000001,-11,11,3.728813559322034
SMP-2026-0715,158,147,14.7,False,0.929,92.9,-11,11,6.962025316455696
SMP-2026-0716,105,95,9.5,False,0.943,94.3,-10,10,9.523809523809524
SMP-2026-0717,786,777,77.7,True,0.892,89.2,-9,9,1.1450381679389312
SMP-2026-0718,742,803,80.3,False,0.941,94.1,61,61,8.221024258760108
SMP-2026-0719,279,268,26.8,False,0.918,91.8,-11,11,3.942652329749104
SMP-2026-0720,399,375,37.5,False,0.937,93.7,-24,24,6.015037593984962
SMP-2026-0721,367,398,39.8,False,0.959,95.89999999999999,31,31,8.446866485013624
SMP-2026-0722,254,234,23.4,False,0.874,87.4,-20,20,7.874015748031496
SMP-2026-0723,507,462,46.2,False,0.93,93.0,-45,45,8.875739644970414
SMP-2026-0724,180,194,19.4,False,0.857,85.7,14,14,7.777777777777778
SMP-2026-0725,788,820,82.0,True,0.863,86.3,32,32,4.060913705583756
SMP-2026-0726,36,35,3.5,False,0.938,93.8,-1,1,2.7777777777777777
SMP-2026-0727,821,862,86.2,True,0.859,85.9,41,41,4.993909866017052
SMP-2026-0728,123,129,12.9,False,0.927,92.7,6,6,4.878048780487805
SMP-2026-0729,330,300,30.0,False,0.879,87.9,-30,30,9.090909090909092
SMP-2026-0730,291,301,30.1,False,0.89,89.0,10,10,3.436426116838488
SMP-2026-0731,585,601,60.1,False,0.867,86.7,16,16,2.735042735042735
SMP-2026-0732,140,153,15.3,False,0.882,88.2,13,13,9.285714285714286
SMP-2026-0733,536,586,58.6,False,0.957,95.7,50,50,9.328358208955224
SMP-2026-0734,357,348,34.8,False,0.933,93.30000000000001,-9,9,2.5210084033613445
SMP-2026-0735,393,400,40.0,False,0.973,97.3,7,7,1.7811704834605597
SMP-2026-0736,412,382,38.2,False,0.856,85.6,-30,30,7.281553398058252
SMP-2026-0737,513,469,46.9,False,0.953,95.3,-44,44,8.57699805068226
SMP-2026-0738,433,427,42.7,False,0.941,94.1,-6,6,1.3856812933025404
SMP-2026-0739,185,192,19.2,False,0.884,88.4,7,7,3.783783783783784
SMP-2026-0740,451,457,45.7,False,0.945,94.5,6,6,1.3303769401330376
SMP-2026-0741,127,125,12.5,False,0.943,94.3,-2,2,1.574803149606299
SMP-2026-0742,1067,1135,100.0,True,0.91,91.0,68,68,6.373008434864105
SMP-2026-0743,782,828,82.8,True,0.94,94.0,46,46,5.88235294117647
SMP-2026-0744,911,953,95.3,True,0.908,90.8,42,42,4.610318331503842
SMP-2026-0745,236,216,21.6,False,0.894,89.4,-20,20,8.47457627118644
SMP-2026-0746,433,459,45.9,False,0.911,91.10000000000001,26,26,6.0046189376443415
SMP-2026-0747,817,886,88.6,True,0.966,96.6,69,69,8.445532435740514
SMP-2026-0748,441,402,40.2,False,0.9,90.0,-39,39,8.843537414965986
SMP-2026-0749,317,311,31.1,False,0.902,90.2,-6,6,1.8927444794952681
SMP-2026-0750,196,215,21.5,False,0.929,92.9,19,19,9.693877551020408
SMP-2026-0751,821,837,83.7,True,0.948,94.8,16,16,1.9488428745432398
SMP-2026-0752,203,204,20.4,False,0.946,94.6,1,1,0.49261083743842365
SMP-2026-0753,74,69,6.9,False,0.853,85.3,-5,5,6.756756756756757
SMP-2026-0754,233,236,23.6,False,0.939,93.89999999999999,3,3,1.2875536480686696
SMP-2026-0755,255,252,25.2,False,0.909,90.9,-3,3,1.1764705882352942
SMP-2026-0756,363,336,33.6,False,0.918,91.8,-27,27,7.43801652892562
SMP-2026-0757,970,963,96.3,True,0.923,92.30000000000001,-7,7,0.7216494845360825
SMP-2026-0758,634,591,59.1,False,0.945,94.5,-43,43,6.782334384858044
SMP-2026-0759,141,148,14.8,False,0.958,95.8,7,7,4.964539007092199
SMP-2026-0760,191,209,20.9,False,0.934,93.4,18,18,9.424083769633508
SMP-2026-0761,202,201,20.1,False,0.923,92.30000000000001,-1,1,0.49504950495049505
SMP-2026-0762,42,43,4.3,False,0.899,89.9,1,1,2.380952380952381
SMP-2026-0763,384,379,37.9,False,0.868,86.8,-5,5,1.3020833333333335
SMP-2026-0764,232,215,21.5,False,0.975,97.5,-17,17,7.327586206896551
SMP-2026-0765,283,310,31.0,False,0.91,91.0,27,27,9.540636042402827
SMP-2026-0766,431,399,39.9,False,0.924,92.4,-32,32,7.424593967517401
SMP-2026-0767,496,457,45.7,False,0.948,94.8,-39,39,7.862903225806452
SMP-2026-0768,702,696,69.6,False,0.859,85.9,-6,6,0.8547008547008548
SMP-2026-0769,209,216,21.6,False,0.961,96.1,7,7,3.349282296650718
SMP-2026-0770,211,205,20.5,False,0.954,95.39999999999999,-6,6,2.843601895734597
SMP-2026-0771,259,243,24.3,False,0.951,95.1,-16,16,6.177606177606178
SMP-2026-0772,106,113,11.3,False,0.853,85.3,7,7,6.60377358490566
SMP-2026-0773,264,257,25.7,False,0.918,91.8,-7,7,2.6515151515151514
SMP-2026-0774,330,310,31.0,False,0.857,85.7,-20,20,6.0606060606060606
SMP-2026-0775,86,84,8.4,False,0.922,92.2,-2,2,2.3255813953488373
SMP-2026-0776,171,161,16.1,False,0.943,94.3,-10,10,5.847953216374268
SMP-2026-0777,190,191,19.1,False,0.866,86.6,1,1,0.5263157894736842
SMP-2026-0778,747,772,77.2,False,0.94,94.0,25,25,3.3467202141900936
SMP-2026-0779,784,831,83.1,True,0.908,90.8,47,47,5.994897959183673
SMP-2026-0780,210,199,19.9,False,0.956,95.6,-11,11,5.238095238095238
SMP-2026-0781,123,115,11.5,False,0.919,91.9,-8,8,6.504065040650407
SMP-2026-0782,445,402,40.2,False,0.894,89.4,-43,43,9.662921348314606
SMP-2026-0783,409,387,38.7,False,0.893,89.3,-22,22,5.378973105134474
SMP-2026-0784,369,334,33.4,False,0.967,96.7,-35,35,9.48509485094851
SMP-2026-0785,553,536,53.6,False,0.909,90.9,-17,17,3.074141048824593
SMP-2026-0786,342,318,31.8,False,0.903,90.3,-24,24,7.017543859649122
SMP-2026-0787,470,478,47.8,False,0.855,85.5,8,8,1.702127659574468
SMP-2026-0788,828,809,80.9,True,0.897,89.7,-19,19,2.2946859903381642
SMP-2026-0789,23,21,2.1,False,0.96,96.0,-2,2,8.695652173913043
SMP-2026-0790,505,495,49.5,False,0.949,94.89999999999999,-10,10,1.9801980198019802
SMP-2026-0791,796,750,75.0,True,0.879,87.9,-46,46,5.778894472361809
SMP-2026-0792,120,124,12.4,False,0.904,90.4,4,4,3.3333333333333335
SMP-2026-0793,296,288,28.8,False,0.876,87.6,-8,8,2.7027027027027026
SMP-2026-0794,608,565,56.5,False,0.974,97.39999999999999,-43,43,7.072368421052631
SMP-2026-0795,263,255,25.5,False,0.928,92.80000000000001,-8,8,3.041825095057034
SMP-2026-0796,232,219,21.9,False,0.948,94.8,-13,13,5.603448275862069
SMP-2026-0797,407,431,43.1,False,0.943,94.3,24,24,5.896805896805897
SMP-2026-0798,191,209,20.9,False,0.964,96.39999999999999,18,18,9.424083769633508
SMP-2026-0799,485,439,43.9,False,0.973,97.3,-46,46,9.484536082474227
SMP-2026-0800,57,59,5.9,False,0.854,85.39999999999999,2,2,3.508771929824561
SMP-2026-0801,554,528,52.8,False,0.977,97.7,-26,26,4.693140794223827
SMP-2026-0802,442,404,40.4,False,0.963,96.3,-38,38,8.597285067873303
SMP-2026-0803,660,596,59.6,False,0.9,90.0,-64,64,9.696969696969697
SMP-2026-0804,442,476,47.6,False,0.959,95.89999999999999,34,34,7.6923076923076925
SMP-2026-0805,334,324,32.4,False,0.946,94.6,-10,10,2.9940119760479043
SMP-2026-0806,311,342,34.2,False,0.953,95.3,31,31,9.967845659163988
SMP-2026-0807,165,163,16.3,False,0.879,87.9,-2,2,1.2121212121212122
SMP-2026-0808,480,450,45.0,False,0.934,93.4,-30,30,6.25
SMP-2026-0809,134,141,14.1,False,0.853,85.3,7,7,5.223880597014925
SMP-2026-0810,1012,1098,100.0,True,0.96,96.0,86,86,8.49802371541502
SMP-2026-0811,28,30,3.0,False,0.974,97.39999999999999,2,2,7.142857142857142
SMP-2026-0812,449,471,47.1,False,0.936,93.60000000000001,22,22,4.8997772828507795
SMP-2026-0813,809,782,78.2,True,0.917,91.7,-27,27,3.3374536464771323
SMP-2026-0814,495,452,45.2,False,0.944,94.39999999999999,-43,43,8.686868686868687
SMP-2026-0815,120,113,11.3,False,0.892,89.2,-7,7,5.833333333333333
SMP-2026-0816,340,336,33.6,False,0.931,93.10000000000001,-4,4,1.1764705882352942
SMP-2026-0817,306,334,33.4,False,0.943,94.3,28,28,9.15032679738562
SMP-2026-0818,646,675,67.5,False,0.869,86.9,29,29,4.489164086687306
SMP-2026-0819,213,227,22.7,False,0.868,86.8,14,14,6.572769953051644
SMP-2026-0820,245,234,23.4,False,0.943,94.3,-11,11,4.489795918367347
SMP-2026-0821,441,457,45.7,False,0.906,90.60000000000001,16,16,3.6281179138321997
SMP-2026-0822,360,386,38.6,False,0.966,96.6,26,26,7.222222222222221
SMP-2026-0823,635,632,63.2,False,0.891,89.1,-3,3,0.47244094488188976
SMP-2026-0824,543,535,53.5,False,0.856,85.6,-8,8,1.4732965009208103
SMP-2026-0825,280,292,29.2,False,0.934,93.4,12,12,4.285714285714286
SMP-2026-0826,34,34,3.4,False,0.939,93.89999999999999,0,0,0.0
SMP-2026-0827,207,227,22.7,False,0.922,92.2,20,20,9.66183574879227
SMP-2026-0828,147,145,14.5,False,0.939,93.89999999999999,-2,2,1.3605442176870748
SMP-2026-0829,367,343,34.3,False,0.918,91.8,-24,24,6.539509536784741
SMP-2026-0830,322,320,32.0,False,0.94,94.0,-2,2,0.6211180124223602
SMP-2026-0831,248,235,23.5,False,0.856,85.6,-13,13,5.241935483870968
SMP-2026-0832,944,956,95.6,True,0.898,89.8,12,12,1.2711864406779663
SMP-2026-0833,36,33,3.3,False,0.877,87.7,-3,3,8.333333333333332
SMP-2026-0834,225,245,24.5,False,0.863,86.3,20,20,8.88888888888889
SMP-2026-0835,518,555,55.5,False,0.88,88.0,37,37,7.142857142857142
SMP-2026-0836,123,115,11.5,False,0.875,87.5,-8,8,6.504065040650407
SMP-2026-0837,89,83,8.3,False,0.977,97.7,-6,6,6.741573033707865
SMP-2026-0838,710,712,71.2,False,0.887,88.7,2,2,0.28169014084507044
SMP-2026-0839,171,180,18.0,False,0.88,88.0,9,9,5.263157894736842
SMP-2026-0840,799,754,75.4,True,0.959,95.89999999999999,-45,45,5.632040050062578
SMP-2026-0841,184,168,16.8,False,0.904,90.4,-16,16,8.695652173913043
SMP-2026-0842,845,853,85.3,True,0.905,90.5,8,8,0.9467455621301776
SMP-2026-0843,146,152,15.2,False,0.908,90.8,6,6,4.10958904109589
SMP-2026-0844,627,595,59.5,False,0.904,90.4,-32,32,5.103668261562999
SMP-2026-0845,371,389,38.9,False,0.892,89.2,18,18,4.8517520215633425
SMP-2026-0846,284,310,31.0,False,0.887,88.7,26,26,9.15492957746479
SMP-2026-0847,160,148,14.8,False,0.965,96.5,-12,12,7.5
SMP-2026-0848,240,241,24.1,False,0.871,87.1,1,1,0.4166666666666667
SMP-2026-0849,393,358,35.8,False,0.874,87.4,-35,35,8.9058524173028
SMP-2026-0850,209,197,19.7,False,0.924,92.4,-12,12,5.741626794258373
SMP-2026-0851,254,233,23.3,False,0.895,89.5,-21,21,8.267716535433072
SMP-2026-0852,929,911,91.1,True,0.905,90.5,-18,18,1.9375672766415502
SMP-2026-0853,110,117,11.7,False,0.955,95.5,7,7,6.363636363636363
SMP-2026-0854,842,855,85.5,True,0.967,96.7,13,13,1.5439429928741093
SMP-2026-0855,932,880,88.0,True,0.953,95.3,-52,52,5.579399141630901
SMP-2026-0856,282,256,25.6,False,0.881,88.1,-26,26,9.219858156028367
SMP-2026-0857,200,202,20.2,False,0.977,97.7,2,2,1.0
SMP-2026-0858,340,315,31.5,False,0.897,89.7,-25,25,7.352941176470589
SMP-2026-0859,1056,1023,100.0,True,0.872,87.2,-33,33,3.125
SMP-2026-0860,286,287,28.7,False,0.915,91.5,1,1,0.34965034965034963
SMP-2026-0861,169,183,18.3,False,0.944,94.39999999999999,14,14,8.284023668639055
SMP-2026-0862,380,348,34.8,False,0.861,86.1,-32,32,8.421052631578947
SMP-2026-0863,312,323,32.3,False,0.932,93.2,11,11,3.5256410256410255
SMP-2026-0864,220,199,19.9,False,0.962,96.2,-21,21,9.545454545454547
SMP-2026-0865,547,561,56.1,False,0.884,88.4,14,14,2.5594149908592323
SMP-2026-0866,297,300,30.0,False,0.94,94.0,3,3,1.0101010101010102
SMP-2026-0867,57,61,6.1,False,0.902,90.2,4,4,7.017543859649122
SMP-2026-0868,792,797,79.7,True,0.904,90.4,5,5,0.6313131313131313
SMP-2026-0869,60,58,5.8,False,0.887,88.7,-2,2,3.3333333333333335
SMP-2026-0870,103,98,9.8,False,0.931,93.10000000000001,-5,5,4.854368932038835
SMP-2026-0871,45,41,4.1,False,0.897,89.7,-4,4,8.88888888888889
SMP-2026-0872,87,88,8.8,False,0.958,95.8,1,1,1.1494252873563218
SMP-2026-0873,892,961,96.1,True,0.975,97.5,69,69,7.73542600896861
SMP-2026-0874,363,364,36.4,False,0.972,97.2,1,1,0.27548209366391185
SMP-2026-0875,185,194,19.4,False,0.871,87.1,9,9,4.864864864864865
SMP-2026-0876,95,91,9.1,False,0.852,85.2,-4,4,4.2105263157894735
SMP-2026-0877,556,550,55.0,False,0.907,90.7,-6,6,1.079136690647482
SMP-2026-0878,235,227,22.7,False,0.945,94.5,-8,8,3.404255319148936
SMP-2026-0879,397,366,36.6,False,0.977,97.7,-31,31,7.8085642317380355
SMP-2026-0880,311,306,30.6,False,0.952,95.19999999999999,-5,5,1.607717041800643
SMP-2026-0881,901,949,94.9,True,0.925,92.5,48,48,5.3274139844617086
SMP-2026-0882,207,203,20.3,False,0.853,85.3,-4,4,1.932367149758454
SMP-2026-0883,274,282,28.2,False,0.957,95.7,8,8,2.9197080291970803
SMP-2026-0884,264,278,27.8,False,0.873,87.3,14,14,5.303030303030303
SMP-2026-0885,218,210,21.0,False,0.857,85.7,-8,8,3.669724770642202
SMP-2026-0886,379,402,40.2,False,0.961,96.1,23,23,6.068601583113456
SMP-2026-0887,528,511,51.1,False,0.924,92.4,-17,17,3.2196969696969697
SMP-2026-0888,176,167,16.7,False,0.867,86.7,-9,9,5.113636363636364
SMP-2026-0889,923,872,87.2,True,0.9,90.0,-51,51,5.52546045503792
SMP-2026-0890,143,134,13.4,False,0.861,86.1,-9,9,6.293706293706294
SMP-2026-0891,421,441,44.1,False,0.933,93.30000000000001,20,20,4.750593824228028
SMP-2026-0892,499,538,53.8,False,0.887,88.7,39,39,7.8156312625250495
SMP-2026-0893,256,242,24.2,False,0.963,96.3,-14,14,5.46875
SMP-2026-0894,566,519,51.9,False,0.897,89.7,-47,47,8.303886925795052
SMP-2026-0895,385,371,37.1,False,0.914,91.4,-14,14,3.6363636363636362
SMP-2026-0896,617,636,63.6,False,0.858,85.8,19,19,3.079416531604538
SMP-2026-0897,470,458,45.8,False,0.886,88.6,-12,12,2.553191489361702
SMP-2026-0898,421,425,42.5,False,0.938,93.8,4,4,0.9501187648456058
SMP-2026-0899,67,70,7.0,False,0.946,94.6,3,3,4.477611940298507
SMP-2026-0900,320,314,31.4,False,0.882,88.2,-6,6,1.875
SMP-2026-0901,326,359,35.9,False,0.915,91.5,33,33,10.122699386503067
SMP-2026-0902,657,630,63.0,False,0.956,95.6,-27,27,4.10958904109589
SMP-2026-0903,587,643,64.3,False,0.899,89.9,56,56,9.540034071550256
SMP-2026-0904,581,546,54.6,False,0.867,86.7,-35,35,6.024096385542169
SMP-2026-0905,257,237,23.7,False,0.906,90.60000000000001,-20,20,7.782101167315175
SMP-2026-0906,225,236,23.6,False,0.928,92.80000000000001,11,11,4.888888888888889
SMP-2026-0907,148,154,15.4,False,0.851,85.1,6,6,4.054054054054054
SMP-2026-0908,704,748,74.8,False,0.895,89.5,44,44,6.25
SMP-2026-0909,338,327,32.7,False,0.929,92.9,-11,11,3.2544378698224854
SMP-2026-0910,461,501,50.1,False,0.974,97.39999999999999,40,40,8.676789587852495
SMP-2026-0911,299,276,27.6,False,0.903,90.3,-23,23,7.6923076923076925
SMP-2026-0912,633,574,57.4,False,0.871,87.1,-59,59,9.320695102685624
SMP-2026-0913,176,169,16.9,False,0.919,91.9,-7,7,3.977272727272727
SMP-2026-0914,219,232,23.2,False,0.887,88.7,13,13,5.93607305936073
SMP-2026-0915,285,295,29.5,False,0.878,87.8,10,10,3.508771929824561
SMP-2026-0916,488,482,48.2,False,0.927,92.7,-6,6,1.2295081967213115
SMP-2026-0917,56,53,5.3,False,0.969,96.89999999999999,-3,3,5.357142857142857
SMP-2026-0918,119,109,10.9,False,0.959,95.89999999999999,-10,10,8.403361344537815
SMP-2026-0919,272,263,26.3,False,0.874,87.4,-9,9,3.308823529411765
SMP-2026-0920,245,243,24.3,False,0.95,95.0,-2,2,0.8163265306122449
SMP-2026-0921,23,24,2.4,False,0.88,88.0,1,1,4.3478260869565215
SMP-2026-0922,325,334,33.4,False,0.888,88.8,9,9,2.769230769230769
SMP-2026-0923,808,880,88.0,True,0.97,97.0,72,72,8.91089108910891
SMP-2026-0924,137,126,12.6,False,0.968,96.8,-11,11,8.02919708029197
SMP-2026-0925,296,286,28.6,False,0.872,87.2,-10,10,3.3783783783783785
SMP-2026-0926,195,194,19.4,False,0.858,85.8,-1,1,0.5128205128205128
SMP-2026-0927,633,655,65.5,False,0.888,88.8,22,22,3.4755134281200633
SMP-2026-0928,201,201,20.1,False,0.926,92.60000000000001,0,0,0.0
SMP-2026-0929,245,265,26.5,False,0.964,96.39999999999999,20,20,8.16326530612245
SMP-2026-0930,447,457,45.7,False,0.865,86.5,10,10,2.237136465324385
SMP-2026-0931,307,279,27.9,False,0.904,90.4,-28,28,9.120521172638437
SMP-2026-0932,403,372,37.2,False,0.885,88.5,-31,31,7.6923076923076925
SMP-2026-0933,39,41,4.1,False,0.852,85.2,2,2,5.128205128205128
SMP-2026-0934,274,286,28.6,False,0.952,95.19999999999999,12,12,4.37956204379562
SMP-2026-0935,180,168,16.8,False,0.956,95.6,-12,12,6.666666666666667
SMP-2026-0936,495,451,45.1,False,0.879,87.9,-44,44,8.88888888888889
SMP-2026-0937,110,112,11.2,False,0.87,87.0,2,2,1.8181818181818181
SMP-2026-0938,616,633,63.3,False,0.869,86.9,17,17,2.75974025974026
SMP-2026-0939,43,40,4.0,False,0.91,91.0,-3,3,6.976744186046512
SMP-2026-0940,542,539,53.9,False,0.882,88.2,-3,3,0.5535055350553505
SMP-2026-0941,339,326,32.6,False,0.916,91.60000000000001,-13,13,3.8348082595870205
SMP-2026-0942,95,103,10.3,False,0.9,90.0,8,8,8.421052631578947
SMP-2026-0943,616,581,58.1,False,0.877,87.7,-35,35,5.681818181818182
SMP-2026-0944,855,895,89.5,True,0.948,94.8,40,40,4.678362573099415
SMP-2026-0945,191,192,19.2,False,0.87,87.0,1,1,0.5235602094240838
SMP-2026-0946,249,225,22.5,False,0.954,95.39999999999999,-24,24,9.63855421686747
SMP-2026-0947,261,262,26.2,False,0.923,92.30000000000001,1,1,0.38314176245210724
SMP-2026-0948,174,160,16.0,False,0.958,95.8,-14,14,8.045977011494253
SMP-2026-0949,329,339,33.9,False,0.851,85.1,10,10,3.0395136778115504
SMP-2026-0950,370,375,37.5,False,0.947,94.69999999999999,5,5,1.3513513513513513
SMP-2026-0951,122,110,11.0,False,0.857,85.7,-12,12,9.836065573770492
SMP-2026-0952,489,460,46.0,False,0.974,97.39999999999999,-29,29,5.930470347648262
SMP-2026-0953,205,216,21.6,False,0.941,94.1,11,11,5.365853658536586
SMP-2026-0954,553,528,52.8,False,0.892,89.2,-25,25,4.520795660036167
SMP-2026-0955,596,596,59.6,False,0.892,89.2,0,0,0.0
SMP-2026-0956,633,609,60.9,False,0.962,96.2,-24,24,3.7914691943127963
SMP-2026-0957,333,361,36.1,False,0.967,96.7,28,28,8.408408408408409
SMP-2026-0958,365,368,36.8,False,0.966,96.6,3,3,0.821917808219178
SMP-2026-0959,175,182,18.2,False,0.955,95.5,7,7,4.0
SMP-2026-0960,43,39,3.9,False,0.956,95.6,-4,4,9.30232558139535
SMP-2026-0961,128,116,11.6,False,0.924,92.4,-12,12,9.375
SMP-2026-0962,462,440,44.0,False,0.854,85.39999999999999,-22,22,4.761904761904762
SMP-2026-0963,488,469,46.9,False,0.861,86.1,-19,19,3.8934426229508197
SMP-2026-0964,432,448,44.8,False,0.934,93.4,16,16,3.7037037037037033
SMP-2026-0965,260,264,26.4,False,0.902,90.2,4,4,1.5384615384615385
SMP-2026-0966,149,145,14.5,False,0.924,92.4,-4,4,2.684563758389262
SMP-2026-0967,129,133,13.3,False,0.88,88.0,4,4,3.10077519379845
SMP-2026-0968,804,750,75.0,True,0.934,93.4,-54,54,6.7164179104477615
SMP-2026-0969,316,288,28.8,False,0.882,88.2,-28,28,8.860759493670885
SMP-2026-0970,354,379,37.9,False,0.91,91.0,25,25,7.062146892655368
SMP-2026-0971,780,790,79.0,True,0.912,91.2,10,10,1.282051282051282
SMP-2026-0972,324,334,33.4,False,0.873,87.3,10,10,3.0864197530864197
SMP-2026-0973,397,382,38.2,False,0.964,96.39999999999999,-15,15,3.7783375314861463
SMP-2026-0974,277,270,27.0,False,0.918,91.8,-7,7,2.527075812274368
SMP-2026-0975,368,337,33.7,False,0.963,96.3,-31,31,8.423913043478262
SMP-2026-0976,825,884,88.4,True,0.884,88.4,59,59,7.151515151515151
SMP-2026-0977,692,705,70.5,False,0.872,87.2,13,13,1.8786127167630058
SMP-2026-0978,124,114,11.4,False,0.852,85.2,-10,10,8.064516129032258
SMP-2026-0979,180,191,19.1,False,0.862,86.2,11,11,6.111111111111111
SMP-2026-0980,203,201,20.1,False,0.869,86.9,-2,2,0.9852216748768473
SMP-2026-0981,110,116,11.6,False,0.86,86.0,6,6,5.454545454545454
SMP-2026-0982,253,228,22.8,False,0.967,96.7,-25,25,9.881422924901186
SMP-2026-0983,340,308,30.8,False,0.968,96.8,-32,32,9.411764705882353
SMP-2026-0984,223,208,20.8,False,0.972,97.2,-15,15,6.726457399103139
SMP-2026-0985,187,176,17.6,False,0.975,97.5,-11,11,5.88235294117647
SMP-2026-0986,283,298,29.8,False,0.914,91.4,15,15,5.30035335689046
SMP-2026-0987,361,376,37.6,False,0.919,91.9,15,15,4.1551246537396125
SMP-2026-0988,628,643,64.3,False,0.867,86.7,15,15,2.388535031847134
SMP-2026-0989,327,352,35.2,False,0.868,86.8,25,25,7.64525993883792
SMP-2026-0990,660,627,62.7,False,0.95,95.0,-33,33,5.0
SMP-2026-0991,439,475,47.5,False,0.961,96.1,36,36,8.200455580865604
SMP-2026-0992,397,430,43.0,False,0.952,95.19999999999999,33,33,8.312342569269521
SMP-2026-0993,933,921,92.1,True,0.958,95.8,-12,12,1.2861736334405145
SMP-2026-0994,321,295,29.5,False,0.886,88.6,-26,26,8.09968847352025
SMP-2026-0995,394,412,41.2,False,0.911,91.10000000000001,18,18,4.568527918781726
SMP-2026-0996,623,603,60.3,False,0.91,91.0,-20,20,3.210272873194221
SMP-2026-0997,206,218,21.8,False,0.979,97.89999999999999,12,12,5.825242718446602
SMP-2026-0998,230,215,21.5,False,0.973,97.3,-15,15,6.521739130434782
SMP-2026-0999,604,609,60.9,False,0.928,92.80000000000001,5,5,0.8278145695364238
SMP-2026-1000,473,474,47.4,False,0.868,86.8,1,1,0.21141649048625794
