Sample_ID,Timestamp,Location_ID,Water_Temp_C,pH_Level,Turbidity_NTU,Dissolved_Oxygen_mgL,Microplastic_Count_per_m3,Dominant_Polymer,Dominant_Morphology,Average_Particle_Size_mm,Risk_Level
SMP-2026-0001,01-01-2026 00:00,LOC-107,9.2,7.38,33.32,10.62,552,PE,Fiber,0.06,High
SMP-2026-0002,01-01-2026 04:00,LOC-104,8.6,8.37,23.87,11.34,422,PS,Foam,0.21,High
SMP-2026-0003,01-01-2026 08:00,LOC-108,22.3,7.35,1.95,7.77,39,PET,Film,0.06,Low
SMP-2026-0004,01-01-2026 12:00,LOC-105,15.2,7.76,39.15,8.69,529,PS,Fiber,2.28,High
SMP-2026-0005,01-01-2026 16:00,LOC-107,10.5,7.41,3.38,11.15,87,PS,Foam,1.49,Low
SMP-2026-0006,01-01-2026 20:00,LOC-110,13.1,7.6,43.03,9.92,1055,PS,Fiber,1.08,Critical
SMP-2026-0007,02-01-2026 00:00,LOC-103,20.8,7.55,1.62,7.28,64,PS,Fiber,3.2,Low
SMP-2026-0008,02-01-2026 04:00,LOC-107,13.5,7.19,31.4,10.96,533,PVC,Film,0.72,High
SMP-2026-0009,02-01-2026 08:00,LOC-108,17.9,7.95,4.16,8.63,72,PVC,Microbead,1.39,Low
SMP-2026-0010,02-01-2026 12:00,LOC-105,10.4,7.76,41.03,10.6,497,PP,Microbead,3.29,High
SMP-2026-0011,02-01-2026 16:00,LOC-104,19.8,7.91,21.17,7.67,176,PE,Fiber,1.52,Medium
SMP-2026-0012,02-01-2026 20:00,LOC-108,14.3,7.56,6.62,10.15,67,PS,Fragment,1.96,Low
SMP-2026-0013,03-01-2026 00:00,LOC-108,20.5,6.95,15.67,7.54,310,PP,Foam,0.33,Medium
SMP-2026-0014,03-01-2026 04:00,LOC-103,24.2,8.25,7.83,7.12,101,PE,Fragment,2.78,Medium
SMP-2026-0015,03-01-2026 08:00,LOC-106,20.2,7.27,8.09,7.94,101,PA,Fragment,1.51,Medium
SMP-2026-0016,03-01-2026 12:00,LOC-105,13.9,7.58,42.69,10.39,1087,PET,Fiber,2.81,Critical
SMP-2026-0017,03-01-2026 16:00,LOC-102,13.1,7.72,20.31,9.55,200,PVC,Fiber,0.93,Medium
SMP-2026-0018,03-01-2026 20:00,LOC-108,14.5,7.58,35.6,9.2,303,PA,Fiber,1.51,Medium
SMP-2026-0019,04-01-2026 00:00,LOC-106,11.3,7.86,28.96,10.47,223,PE,Fiber,2.76,Medium
SMP-2026-0020,04-01-2026 04:00,LOC-102,11.6,7.94,30.6,10.42,536,PA,Microbead,3.41,High
SMP-2026-0021,04-01-2026 08:00,LOC-105,23.8,7.29,6.36,6.68,131,PET,Fiber,0.26,Medium
SMP-2026-0022,04-01-2026 12:00,LOC-101,15.7,8.21,10.92,10.61,153,PE,Microbead,2.85,Medium
SMP-2026-0023,04-01-2026 16:00,LOC-110,16.7,7.27,35.51,10.02,583,PA,Microbead,1.09,High
SMP-2026-0024,04-01-2026 20:00,LOC-106,19.9,7.57,43.7,8.18,928,PVC,Fiber,1.95,Critical
SMP-2026-0025,05-01-2026 00:00,LOC-109,19.8,7.21,12.19,8.27,276,PVC,Film,1.05,Medium
SMP-2026-0026,05-01-2026 04:00,LOC-101,9.3,7.06,12.58,11.09,329,PP,Foam,2.17,Medium
SMP-2026-0027,05-01-2026 08:00,LOC-110,24.6,7.92,21.54,6.1,482,PA,Fragment,1.27,High
SMP-2026-0028,05-01-2026 12:00,LOC-103,11.5,8.96,44.28,10.46,745,PS,Microbead,1.2,Critical
SMP-2026-0029,05-01-2026 16:00,LOC-107,22.5,7.22,12.47,7.64,129,PA,Foam,0.18,Medium
SMP-2026-0030,05-01-2026 20:00,LOC-104,23.5,8.01,18.61,7.6,146,PE,Film,0.56,Medium
SMP-2026-0031,06-01-2026 00:00,LOC-109,22.3,7.24,40.17,7.81,259,PE,Fragment,3.21,Medium
SMP-2026-0032,06-01-2026 04:00,LOC-103,19.6,7.39,0.63,7.37,32,PA,Fragment,3.49,Low
SMP-2026-0033,06-01-2026 08:00,LOC-105,8.3,8.28,2.27,11.37,69,PET,Microbead,2.74,Low
SMP-2026-0034,06-01-2026 12:00,LOC-103,15.2,6.86,27.38,8.71,437,PVC,Fiber,1.04,High
SMP-2026-0035,06-01-2026 16:00,LOC-107,20.1,6.73,40.88,8.55,268,PE,Film,1.44,Medium
SMP-2026-0036,06-01-2026 20:00,LOC-105,15.7,7.36,11.13,9.08,194,PVC,Microbead,2.6,Medium
SMP-2026-0037,07-01-2026 00:00,LOC-109,25.3,7.73,21.4,6.39,522,PE,Film,3.39,High
SMP-2026-0038,07-01-2026 04:00,LOC-107,14.2,7.63,20.55,9.98,369,PP,Fiber,1.62,High
SMP-2026-0039,07-01-2026 08:00,LOC-102,13.9,7.58,21.55,11.21,480,PS,Fiber,2.91,High
SMP-2026-0040,07-01-2026 12:00,LOC-104,13.3,7.42,28.2,10.14,613,PE,Microbead,3.41,High
SMP-2026-0041,07-01-2026 16:00,LOC-109,14.7,7.79,21.4,9.47,522,PVC,Fiber,3.06,High
SMP-2026-0042,07-01-2026 20:00,LOC-102,19.1,5.94,20.41,7.65,436,PP,Foam,0.83,High
SMP-2026-0043,08-01-2026 00:00,LOC-110,22.1,7.02,21.61,8.1,444,PE,Fragment,0.08,High
SMP-2026-0044,08-01-2026 04:00,LOC-109,21.3,7.35,26.79,7.52,280,PET,Microbead,1.75,Medium
SMP-2026-0045,08-01-2026 08:00,LOC-110,24.2,7.75,24.4,7.57,174,PS,Film,1.88,Medium
SMP-2026-0046,08-01-2026 12:00,LOC-105,25.7,8.14,38.51,6.84,620,PE,Foam,0.74,High
SMP-2026-0047,08-01-2026 16:00,LOC-102,24.3,6.96,2.7,6.48,41,PP,Microbead,1.03,Low
SMP-2026-0048,08-01-2026 20:00,LOC-104,8.4,8.13,37.58,10.78,928,PET,Fiber,2.69,Critical
SMP-2026-0049,09-01-2026 00:00,LOC-107,22.7,7.17,38.05,7.33,434,PA,Fiber,1.67,High
SMP-2026-0050,09-01-2026 04:00,LOC-108,12.2,7.34,13.18,10.03,310,PP,Fiber,1.14,Medium
SMP-2026-0051,09-01-2026 08:00,LOC-103,10.7,7.69,21.1,10.81,288,PP,Fiber,2.2,Medium
SMP-2026-0052,09-01-2026 12:00,LOC-101,20.8,7.3,20.01,8.28,253,PET,Film,2.3,Medium
SMP-2026-0053,09-01-2026 16:00,LOC-104,14.4,7.96,10.22,8.85,262,PP,Foam,2.7,Medium
SMP-2026-0054,09-01-2026 20:00,LOC-102,9.1,7.2,18.16,11.4,240,PET,Fragment,0.59,Medium
SMP-2026-0055,10-01-2026 00:00,LOC-108,10.8,7.21,2.48,11.14,57,PE,Film,2.61,Low
SMP-2026-0056,10-01-2026 04:00,LOC-104,8,7.93,12.86,12,116,PET,Film,2.12,Medium
SMP-2026-0057,10-01-2026 08:00,LOC-102,26.1,7.02,36.84,5.49,701,PET,Fragment,0.25,Critical
SMP-2026-0058,10-01-2026 12:00,LOC-106,8.5,7.52,13.16,11.66,164,PS,Fragment,2.73,Medium
SMP-2026-0059,10-01-2026 16:00,LOC-106,12.2,6.57,36.91,10.94,641,PET,Fiber,1.37,High
SMP-2026-0060,10-01-2026 20:00,LOC-110,16.3,8.31,24.16,9.28,426,PET,Film,1.19,High
SMP-2026-0061,11-01-2026 00:00,LOC-104,15.1,8,39.65,9.41,782,PA,Microbead,1.6,Critical
SMP-2026-0062,11-01-2026 04:00,LOC-106,26.2,8.78,26.08,6.71,553,PE,Fragment,1.24,High
SMP-2026-0063,11-01-2026 08:00,LOC-102,8.8,8.07,1.82,11.01,45,PS,Fragment,1.22,Low
SMP-2026-0064,11-01-2026 12:00,LOC-110,18.2,6.84,30.56,7.78,377,PA,Foam,2.84,High
SMP-2026-0065,11-01-2026 16:00,LOC-102,21.6,7.73,2.5,7.42,76,PVC,Microbead,0.48,Low
SMP-2026-0066,11-01-2026 20:00,LOC-110,26.6,6.94,20.55,6.29,243,PE,Microbead,3.4,Medium
SMP-2026-0067,12-01-2026 00:00,LOC-104,20.4,8.19,41.86,8.4,652,PE,Fragment,1.96,High
SMP-2026-0068,12-01-2026 04:00,LOC-108,24.1,6.85,7.85,7.04,116,PVC,Fiber,0.68,Medium
SMP-2026-0069,12-01-2026 08:00,LOC-107,9.7,6.83,17.85,11.51,416,PET,Foam,0.5,High
SMP-2026-0070,12-01-2026 12:00,LOC-109,15.7,6.6,32.98,9.81,474,PA,Microbead,2.09,High
SMP-2026-0071,12-01-2026 16:00,LOC-108,15.5,7.16,39.76,9.18,524,PP,Fragment,2.23,High
SMP-2026-0072,12-01-2026 20:00,LOC-105,25.7,7.06,30.36,6.22,583,PS,Microbead,0.23,High
SMP-2026-0073,13-01-2026 00:00,LOC-102,11,6.77,11.99,11.34,231,PP,Foam,0.89,Medium
SMP-2026-0074,13-01-2026 04:00,LOC-105,11,8.39,30.52,10.09,242,PVC,Foam,2.79,Medium
SMP-2026-0075,13-01-2026 08:00,LOC-108,14.6,7.66,13.7,9.83,235,PE,Film,0.22,Medium
SMP-2026-0076,13-01-2026 12:00,LOC-110,9.1,7.61,32.47,10.91,656,PE,Fragment,3,High
SMP-2026-0077,13-01-2026 16:00,LOC-109,11.6,8.19,42.95,11.07,1084,PS,Foam,2.32,Critical
SMP-2026-0078,13-01-2026 20:00,LOC-109,27.3,7.53,32.6,5.8,591,PE,Film,1.55,High
SMP-2026-0079,14-01-2026 00:00,LOC-101,16.6,7.03,38.9,9.02,507,PE,Film,1.25,High
SMP-2026-0080,14-01-2026 04:00,LOC-109,20.6,6.55,0.59,8.68,30,PS,Microbead,0.12,Low
SMP-2026-0081,14-01-2026 08:00,LOC-107,22.5,7,32.43,6.71,745,PA,Microbead,2.9,Critical
SMP-2026-0082,14-01-2026 12:00,LOC-109,15.3,8.15,37.42,9.52,814,PA,Film,0.54,Critical
SMP-2026-0083,14-01-2026 16:00,LOC-108,10.9,6.77,2.3,10.64,39,PS,Microbead,1.12,Low
SMP-2026-0084,14-01-2026 20:00,LOC-101,12.1,7.58,39.29,10.64,368,PVC,Foam,2.01,High
SMP-2026-0085,15-01-2026 00:00,LOC-108,14.3,7.92,11.92,10.67,257,PE,Fiber,0.9,Medium
SMP-2026-0086,15-01-2026 04:00,LOC-108,20.7,7.54,30.11,7.49,362,PE,Foam,1.77,High
SMP-2026-0087,15-01-2026 08:00,LOC-103,16,7.6,36.12,8.6,419,PVC,Film,2.84,High
SMP-2026-0088,15-01-2026 12:00,LOC-101,8.1,7.73,29.99,11.17,264,PA,Film,1.67,Medium
SMP-2026-0089,15-01-2026 16:00,LOC-108,18.5,7.59,4.61,8.33,60,PET,Foam,3.32,Low
SMP-2026-0090,15-01-2026 20:00,LOC-103,26.4,8.2,27.04,6.11,379,PET,Microbead,2.97,High
SMP-2026-0091,16-01-2026 00:00,LOC-103,24.2,6.88,24.96,6.8,502,PET,Microbead,1.2,High
SMP-2026-0092,16-01-2026 04:00,LOC-101,24.5,7.52,40.56,7.55,501,PA,Film,1.43,High
SMP-2026-0093,16-01-2026 08:00,LOC-105,23.9,6.49,18.49,7.64,234,PA,Fragment,1.51,Medium
SMP-2026-0094,16-01-2026 12:00,LOC-110,14.5,6.36,14.79,10.3,175,PVC,Microbead,2.21,Medium
SMP-2026-0095,16-01-2026 16:00,LOC-107,23.3,7.36,33.87,8.27,510,PE,Foam,1.04,High
SMP-2026-0096,16-01-2026 20:00,LOC-110,10.9,7.67,18.86,11.14,178,PVC,Microbead,3.39,Medium
SMP-2026-0097,17-01-2026 00:00,LOC-109,21.2,8.22,29.25,8.19,448,PVC,Foam,2.15,High
SMP-2026-0098,17-01-2026 04:00,LOC-107,20.8,8.61,29.27,8.16,578,PA,Film,1.43,High
SMP-2026-0099,17-01-2026 08:00,LOC-109,8.5,8.06,40.02,11.77,240,PET,Microbead,2.28,Medium
SMP-2026-0100,17-01-2026 12:00,LOC-108,23.8,7.76,27.14,7.06,152,PP,Foam,1.41,Medium
SMP-2026-0101,17-01-2026 16:00,LOC-102,26.1,7.48,22.85,5.97,167,PE,Film,2.87,Medium
SMP-2026-0102,17-01-2026 20:00,LOC-101,13.3,6.63,6.68,9.39,129,PA,Fragment,2.01,Medium
SMP-2026-0103,18-01-2026 00:00,LOC-107,24.2,7.33,5.65,6.67,150,PET,Foam,0.19,Medium
SMP-2026-0104,18-01-2026 04:00,LOC-107,9.6,8.05,7.37,11.4,48,PP,Fragment,0.66,Low
SMP-2026-0105,18-01-2026 08:00,LOC-108,20,7.85,8.15,8.04,206,PP,Fragment,3.03,Medium
SMP-2026-0106,18-01-2026 12:00,LOC-105,17.7,6.76,28.89,8.16,230,PA,Fiber,1.99,Medium
SMP-2026-0107,18-01-2026 16:00,LOC-103,18.9,7.71,33.47,8.25,751,PS,Microbead,3.33,Critical
SMP-2026-0108,18-01-2026 20:00,LOC-108,26.5,7.66,24.08,5.94,372,PE,Foam,0.3,High
SMP-2026-0109,19-01-2026 00:00,LOC-106,25.4,7.57,37.39,6.35,702,PP,Fragment,1.07,Critical
SMP-2026-0110,19-01-2026 04:00,LOC-103,23.7,7.39,44.61,7.14,697,PA,Fiber,0.72,High
SMP-2026-0111,19-01-2026 08:00,LOC-101,13.5,7.73,36.99,10.3,560,PA,Film,1.96,High
SMP-2026-0112,19-01-2026 12:00,LOC-103,26.2,7.75,31.42,5.89,708,PET,Foam,1.37,Critical
SMP-2026-0113,19-01-2026 16:00,LOC-105,10,7.08,24.2,11.49,506,PS,Fragment,0.59,High
SMP-2026-0114,19-01-2026 20:00,LOC-103,25.1,7.63,20.47,7.04,329,PE,Microbead,2.27,Medium
SMP-2026-0115,20-01-2026 00:00,LOC-101,14.6,7.31,4.26,9.78,56,PVC,Fiber,1.9,Low
SMP-2026-0116,20-01-2026 04:00,LOC-105,9.1,6.66,18.27,11.6,150,PET,Fragment,1,Medium
SMP-2026-0117,20-01-2026 08:00,LOC-110,21.4,7.12,41,8.07,885,PP,Microbead,1.71,Critical
SMP-2026-0118,20-01-2026 12:00,LOC-107,12.6,6.62,36.46,9.67,586,PP,Fragment,2.62,High
SMP-2026-0119,20-01-2026 16:00,LOC-107,12.9,7.89,10.11,10.66,169,PET,Foam,0.76,Medium
SMP-2026-0120,20-01-2026 20:00,LOC-109,14.1,7.58,21.26,9.37,416,PA,Foam,1.06,High
SMP-2026-0121,21-01-2026 00:00,LOC-110,9.3,7.22,36.84,10.86,847,PP,Foam,1.24,Critical
SMP-2026-0122,21-01-2026 04:00,LOC-110,11.5,8.11,3.5,10.65,85,PS,Fiber,2.63,Low
SMP-2026-0123,21-01-2026 08:00,LOC-103,8.1,7.43,17.74,10.5,386,PE,Foam,2.97,High
SMP-2026-0124,21-01-2026 12:00,LOC-107,16.9,6.68,38.41,9.02,800,PS,Microbead,1.35,Critical
SMP-2026-0125,21-01-2026 16:00,LOC-101,9.7,7.18,18.47,11.58,249,PP,Fragment,1.07,Medium
SMP-2026-0126,21-01-2026 20:00,LOC-104,21.7,8.22,3.95,6.67,57,PVC,Film,3.12,Low
SMP-2026-0127,22-01-2026 00:00,LOC-104,12.7,7.07,24.64,10.73,534,PE,Microbead,3.5,High
SMP-2026-0128,22-01-2026 04:00,LOC-105,26.9,7.54,38.85,5.58,501,PE,Microbead,2.36,High
SMP-2026-0129,22-01-2026 08:00,LOC-107,25.4,7.77,26.77,6.48,644,PET,Foam,3.47,High
SMP-2026-0130,22-01-2026 12:00,LOC-107,13.8,7.69,10.57,9.58,91,PET,Fiber,2.33,Low
SMP-2026-0131,22-01-2026 16:00,LOC-104,23.7,8.62,17.6,7.18,124,PVC,Fragment,2.58,Medium
SMP-2026-0132,22-01-2026 20:00,LOC-107,24.1,6.81,20.53,7.28,507,PA,Fiber,1.39,High
SMP-2026-0133,23-01-2026 00:00,LOC-103,27.7,6.86,26.28,6.01,504,PE,Fragment,1.54,High
SMP-2026-0134,23-01-2026 04:00,LOC-106,20,6.82,34.29,8,447,PVC,Fragment,0.55,High
SMP-2026-0135,23-01-2026 08:00,LOC-102,9.6,7.25,4.9,10.88,120,PET,Fiber,2.89,Medium
SMP-2026-0136,23-01-2026 12:00,LOC-110,20.9,7.95,40.09,7.7,764,PET,Microbead,3.26,Critical
SMP-2026-0137,23-01-2026 16:00,LOC-109,20.5,6.88,1.05,8.18,36,PE,Fragment,2.2,Low
SMP-2026-0138,23-01-2026 20:00,LOC-105,20.8,7.96,16.97,8.11,141,PS,Fiber,1.24,Medium
SMP-2026-0139,24-01-2026 00:00,LOC-106,14.1,7.42,1.72,10.05,62,PP,Fragment,0.58,Low
SMP-2026-0140,24-01-2026 04:00,LOC-104,25.2,6.85,17.99,5.8,414,PET,Film,0.96,High
SMP-2026-0141,24-01-2026 08:00,LOC-110,27.2,6.52,23.9,5.83,227,PA,Microbead,0.93,Medium
SMP-2026-0142,24-01-2026 12:00,LOC-107,12.4,6.64,23.27,9.96,532,PA,Foam,2.17,High
SMP-2026-0143,24-01-2026 16:00,LOC-109,9.8,7.07,7.87,11.39,199,PET,Fragment,3.31,Medium
SMP-2026-0144,24-01-2026 20:00,LOC-107,11.9,7.32,29.24,10.05,491,PS,Film,0.22,High
SMP-2026-0145,25-01-2026 00:00,LOC-101,24.4,8.07,2.49,6.91,62,PS,Foam,0.05,Low
SMP-2026-0146,25-01-2026 04:00,LOC-101,21.5,7.8,34.4,7.41,458,PVC,Foam,2.12,High
SMP-2026-0147,25-01-2026 08:00,LOC-109,20.7,6.98,42.63,6.85,479,PA,Fragment,1.03,High
SMP-2026-0148,25-01-2026 12:00,LOC-109,16,7.6,15.62,9.67,323,PVC,Fiber,3.09,Medium
SMP-2026-0149,25-01-2026 16:00,LOC-104,19.6,8.23,23.52,8.11,544,PA,Fragment,1.18,High
SMP-2026-0150,25-01-2026 20:00,LOC-109,14.2,8.34,17.36,10.38,328,PP,Film,1.05,Medium
SMP-2026-0151,26-01-2026 00:00,LOC-103,17.5,7.24,0.8,7.92,36,PP,Foam,0.98,Low
SMP-2026-0152,26-01-2026 04:00,LOC-107,23.9,7.88,17.67,6.68,161,PE,Fragment,0.55,Medium
SMP-2026-0153,26-01-2026 08:00,LOC-106,27.6,8.09,35.73,5.61,230,PVC,Fiber,2.06,Medium
SMP-2026-0154,26-01-2026 12:00,LOC-108,26.6,6.65,27.02,6.16,396,PET,Fragment,0.63,High
SMP-2026-0155,26-01-2026 16:00,LOC-109,26.7,7.14,5.01,5.33,44,PVC,Microbead,1.51,Low
SMP-2026-0156,26-01-2026 20:00,LOC-105,16,8.51,38.2,9.47,647,PET,Fiber,1.64,High
SMP-2026-0157,27-01-2026 00:00,LOC-101,17.4,7.25,24.13,9.74,325,PS,Film,0.12,Medium
SMP-2026-0158,27-01-2026 04:00,LOC-103,22.1,5.94,37.96,7.61,794,PVC,Foam,0.11,Critical
SMP-2026-0159,27-01-2026 08:00,LOC-110,26.4,7.34,26.32,6.13,314,PS,Fragment,1.84,Medium
SMP-2026-0160,27-01-2026 12:00,LOC-108,10.8,7.96,25.41,10.07,444,PP,Fiber,2.45,High
SMP-2026-0161,27-01-2026 16:00,LOC-106,14.1,7.4,5.18,9.38,96,PP,Microbead,3.3,Low
SMP-2026-0162,27-01-2026 20:00,LOC-108,10.8,7.76,7.95,10.73,66,PE,Fiber,0.67,Low
SMP-2026-0163,28-01-2026 00:00,LOC-109,20.2,7.87,43.76,7.68,302,PVC,Microbead,0.41,Medium
SMP-2026-0164,28-01-2026 04:00,LOC-104,14.1,7.22,10.67,10.28,133,PS,Film,0.23,Medium
SMP-2026-0165,28-01-2026 08:00,LOC-101,14.5,7.14,44,9.92,1019,PET,Foam,1.55,Critical
SMP-2026-0166,28-01-2026 12:00,LOC-101,9.4,7.48,24.17,12.53,208,PP,Film,2.2,Medium
SMP-2026-0167,28-01-2026 16:00,LOC-110,15,7.49,6.54,9.01,150,PP,Fragment,2.95,Medium
SMP-2026-0168,28-01-2026 20:00,LOC-104,25.2,7.43,4.92,6.46,143,PET,Fiber,2.41,Medium
SMP-2026-0169,29-01-2026 00:00,LOC-107,12.7,7.45,9.79,9.5,226,PS,Microbead,0.77,Medium
SMP-2026-0170,29-01-2026 04:00,LOC-102,21.9,7.03,41.69,6.32,439,PS,Microbead,1.64,High
SMP-2026-0171,29-01-2026 08:00,LOC-103,20.6,7.78,18.93,8.18,458,PVC,Fiber,3.19,High
SMP-2026-0172,29-01-2026 12:00,LOC-101,25.3,7.7,18.1,6.66,143,PVC,Fiber,1.18,Medium
SMP-2026-0173,29-01-2026 16:00,LOC-105,10.6,6.73,14.44,10.39,226,PA,Fragment,1.77,Medium
SMP-2026-0174,29-01-2026 20:00,LOC-101,27.6,7.21,7.04,5.77,183,PA,Film,3.36,Medium
SMP-2026-0175,30-01-2026 00:00,LOC-108,19.7,7.45,22.21,7.78,409,PE,Microbead,2.58,High
SMP-2026-0176,30-01-2026 04:00,LOC-101,27.9,7.13,6.29,5.38,111,PP,Fragment,2.63,Medium
SMP-2026-0177,30-01-2026 08:00,LOC-101,26.2,7.72,37.68,5.98,424,PVC,Film,0.92,High
SMP-2026-0178,30-01-2026 12:00,LOC-102,12.4,7.37,16.98,9.83,230,PS,Fragment,1.48,Medium
SMP-2026-0179,30-01-2026 16:00,LOC-102,9.1,7.48,17.18,10.91,285,PET,Microbead,0.33,Medium
SMP-2026-0180,30-01-2026 20:00,LOC-106,13.1,7.2,21.59,9.73,266,PS,Fiber,2.14,Medium
SMP-2026-0181,31-01-2026 00:00,LOC-107,18.6,6.4,20.26,8.63,507,PP,Fiber,0.41,High
SMP-2026-0182,31-01-2026 04:00,LOC-105,11.4,6.37,44.77,9.19,1072,PA,Film,2.93,Critical
SMP-2026-0183,31-01-2026 08:00,LOC-101,11.3,7.69,24.77,10.5,577,PS,Foam,2.86,High
SMP-2026-0184,31-01-2026 12:00,LOC-101,17.3,7.53,4.42,8.27,78,PE,Film,1.89,Low
SMP-2026-0185,31-01-2026 16:00,LOC-103,8.7,7.62,27.51,10.86,536,PP,Foam,0.54,High
SMP-2026-0186,31-01-2026 20:00,LOC-102,10.4,7.47,7.25,10.62,190,PA,Fragment,0.14,Medium
SMP-2026-0187,01-02-2026 00:00,LOC-105,16.3,7.51,1.88,9.1,54,PET,Fragment,2.8,Low
SMP-2026-0188,01-02-2026 04:00,LOC-110,9.3,7.88,43.7,11.1,595,PA,Microbead,2.12,High
SMP-2026-0189,01-02-2026 08:00,LOC-106,15.9,7.62,34.92,8.7,269,PE,Foam,2.5,Medium
SMP-2026-0190,01-02-2026 12:00,LOC-107,17.5,7.92,44.11,9.11,307,PP,Microbead,1.1,Medium
SMP-2026-0191,01-02-2026 16:00,LOC-104,17,7.49,21.77,8.45,381,PET,Fiber,1.81,High
SMP-2026-0192,01-02-2026 20:00,LOC-107,25.4,7.25,24.19,6.01,452,PE,Foam,2.63,High
SMP-2026-0193,02-02-2026 00:00,LOC-108,18.6,7.5,7.99,8.56,196,PA,Film,1.65,Medium
SMP-2026-0194,02-02-2026 04:00,LOC-101,17.4,6.98,11.49,8.94,151,PE,Fiber,2.12,Medium
SMP-2026-0195,02-02-2026 08:00,LOC-106,16.2,7.21,37.82,8.83,331,PP,Fiber,2.77,Medium
SMP-2026-0196,02-02-2026 12:00,LOC-108,24.4,7.49,16.35,5.21,220,PVC,Film,0.79,Medium
SMP-2026-0197,02-02-2026 16:00,LOC-105,25.9,7.48,37.29,5.79,465,PE,Fiber,0.28,High
SMP-2026-0198,02-02-2026 20:00,LOC-104,25.1,7.35,32.05,6.55,264,PE,Foam,1.88,Medium
SMP-2026-0199,03-02-2026 00:00,LOC-102,21.5,6.71,8.38,7.89,179,PA,Microbead,0.26,Medium
SMP-2026-0200,03-02-2026 04:00,LOC-106,10.7,7.72,23.08,10.75,370,PA,Fiber,2.69,High
SMP-2026-0201,03-02-2026 08:00,LOC-106,13.5,7.82,30.64,9.71,618,PET,Foam,2.53,High
SMP-2026-0202,03-02-2026 12:00,LOC-101,8.9,8.22,10.96,12.48,152,PA,Fragment,3.09,Medium
SMP-2026-0203,03-02-2026 16:00,LOC-109,26.6,7.62,37.47,5.83,445,PS,Foam,2.26,High
SMP-2026-0204,03-02-2026 20:00,LOC-106,21.2,7.4,24.74,7.95,380,PP,Microbead,0.28,High
SMP-2026-0205,04-02-2026 00:00,LOC-103,22.9,6.89,7.85,6.46,206,PP,Foam,0.92,Medium
SMP-2026-0206,04-02-2026 04:00,LOC-104,14.2,8.15,26.44,9.19,172,PVC,Film,2.84,Medium
SMP-2026-0207,04-02-2026 08:00,LOC-104,24.9,7.52,44.99,6.85,964,PVC,Microbead,0.63,Critical
SMP-2026-0208,04-02-2026 12:00,LOC-103,13.2,7.5,7.2,10.56,102,PP,Fragment,2.46,Medium
SMP-2026-0209,04-02-2026 16:00,LOC-110,8,7.27,36.85,11.41,832,PVC,Film,2.74,Critical
SMP-2026-0210,04-02-2026 20:00,LOC-103,15.5,7.24,9.73,8.43,228,PET,Foam,1.19,Medium
SMP-2026-0211,05-02-2026 00:00,LOC-103,19.4,7.74,35.32,8.1,445,PA,Microbead,1.16,High
SMP-2026-0212,05-02-2026 04:00,LOC-104,17.6,6.89,33.19,8.81,648,PP,Fragment,1.97,High
SMP-2026-0213,05-02-2026 08:00,LOC-107,25.2,8.21,13.87,6.49,127,PVC,Film,3.02,Medium
SMP-2026-0214,05-02-2026 12:00,LOC-104,10.1,8.1,15,10.69,363,PP,Fragment,0.82,High
SMP-2026-0215,05-02-2026 16:00,LOC-109,19.1,7.22,35.77,8.19,489,PS,Foam,3.3,High
SMP-2026-0216,05-02-2026 20:00,LOC-101,18.3,6.97,21.03,8.14,314,PE,Fragment,2.12,Medium
SMP-2026-0217,06-02-2026 00:00,LOC-108,13.6,6.39,33.02,9.36,649,PA,Fiber,3.47,High
SMP-2026-0218,06-02-2026 04:00,LOC-107,24.4,6.77,7.09,7.06,173,PP,Film,0.36,Medium
SMP-2026-0219,06-02-2026 08:00,LOC-102,23.1,7.76,38.44,7.12,388,PE,Fragment,0.49,High
SMP-2026-0220,06-02-2026 12:00,LOC-108,22.7,7.56,32.13,7.11,612,PVC,Foam,2.9,High
SMP-2026-0221,06-02-2026 16:00,LOC-101,25.5,7.65,40.86,6.1,550,PE,Foam,3.03,High
SMP-2026-0222,06-02-2026 20:00,LOC-109,22.5,6.48,6.39,7.16,97,PA,Fragment,1.59,Low
SMP-2026-0223,07-02-2026 00:00,LOC-109,12.6,7.2,26.89,10.3,526,PP,Foam,2.51,High
SMP-2026-0224,07-02-2026 04:00,LOC-102,22.1,8.08,27.16,8.23,364,PS,Microbead,3.04,High
SMP-2026-0225,07-02-2026 08:00,LOC-107,14.2,7.35,16.23,10.07,215,PVC,Microbead,0.2,Medium
SMP-2026-0226,07-02-2026 12:00,LOC-110,12.8,6.76,20.9,9.83,480,PP,Microbead,2.03,High
SMP-2026-0227,07-02-2026 16:00,LOC-103,9.5,7.34,2.19,10.82,26,PA,Fiber,2.99,Low
SMP-2026-0228,07-02-2026 20:00,LOC-107,22.9,7.01,33.69,6.72,647,PVC,Fragment,1.42,High
SMP-2026-0229,08-02-2026 00:00,LOC-110,22.2,7.57,24.94,7.24,269,PET,Fiber,1.09,Medium
SMP-2026-0230,08-02-2026 04:00,LOC-109,12.7,7.41,3.07,9.78,33,PE,Foam,2.8,Low
SMP-2026-0231,08-02-2026 08:00,LOC-104,23,7.67,30.79,7.34,277,PA,Fiber,1.21,Medium
SMP-2026-0232,08-02-2026 12:00,LOC-101,26.4,6.79,21.27,4.76,382,PET,Foam,0.06,High
SMP-2026-0233,08-02-2026 16:00,LOC-102,10.2,7.18,2.03,11.21,60,PP,Foam,3.36,Low
SMP-2026-0234,08-02-2026 20:00,LOC-101,12.7,7.95,43.65,10.33,262,PS,Film,2.09,Medium
SMP-2026-0235,09-02-2026 00:00,LOC-105,23,6.72,42.74,7.73,267,PVC,Microbead,2.88,Medium
SMP-2026-0236,09-02-2026 04:00,LOC-105,13.5,6.9,23.32,10.39,555,PE,Foam,2.9,High
SMP-2026-0237,09-02-2026 08:00,LOC-107,20.5,7.5,4.67,7.51,45,PVC,Film,0.28,Low
SMP-2026-0238,09-02-2026 12:00,LOC-109,9.6,7.54,34.08,11.5,801,PP,Microbead,0.64,Critical
SMP-2026-0239,09-02-2026 16:00,LOC-109,17,7.16,22.39,8.82,231,PVC,Foam,1.12,Medium
SMP-2026-0240,09-02-2026 20:00,LOC-103,22.8,7.26,13.96,6.19,294,PE,Foam,1.16,Medium
SMP-2026-0241,10-02-2026 00:00,LOC-103,21.7,7.67,22.37,7.57,268,PP,Fiber,2.32,Medium
SMP-2026-0242,10-02-2026 04:00,LOC-103,24.3,7.82,23.75,6.4,552,PVC,Fiber,2.2,High
SMP-2026-0243,10-02-2026 08:00,LOC-104,25.5,6.87,25.54,6.35,497,PS,Microbead,1.76,High
SMP-2026-0244,10-02-2026 12:00,LOC-108,23.5,7.58,20.13,7.78,282,PA,Foam,0.78,Medium
SMP-2026-0245,10-02-2026 16:00,LOC-106,21.4,8.16,27.46,7.69,205,PP,Fragment,1.37,Medium
SMP-2026-0246,10-02-2026 20:00,LOC-108,8.6,7.34,41.38,10.91,828,PA,Fiber,1.93,Critical
SMP-2026-0247,11-02-2026 00:00,LOC-101,18.7,6.86,16.62,8.87,306,PP,Microbead,1.66,Medium
SMP-2026-0248,11-02-2026 04:00,LOC-108,8.8,6.84,32.79,11.54,185,PS,Foam,0.49,Medium
SMP-2026-0249,11-02-2026 08:00,LOC-104,24.2,7.32,40.3,6.17,226,PA,Foam,2.29,Medium
SMP-2026-0250,11-02-2026 12:00,LOC-101,14.4,7.92,20.79,8.88,450,PET,Fragment,0.3,High
SMP-2026-0251,11-02-2026 16:00,LOC-108,19.2,7.38,20.23,7.75,226,PE,Microbead,1.35,Medium
SMP-2026-0252,11-02-2026 20:00,LOC-104,13.6,7.49,27.29,10.34,499,PET,Foam,2.5,High
SMP-2026-0253,12-02-2026 00:00,LOC-106,23.7,6.9,26.82,6.74,401,PVC,Fiber,0.12,High
SMP-2026-0254,12-02-2026 04:00,LOC-108,25.7,7.89,36.39,6.33,822,PS,Fragment,2.02,Critical
SMP-2026-0255,12-02-2026 08:00,LOC-104,16,6.83,21.7,8.53,524,PET,Microbead,1.2,High
SMP-2026-0256,12-02-2026 12:00,LOC-103,25.3,7.15,44.83,6.84,1135,PP,Fragment,0.08,Critical
SMP-2026-0257,12-02-2026 16:00,LOC-109,13.3,7.71,3.15,9,42,PVC,Fiber,0.71,Low
SMP-2026-0258,12-02-2026 20:00,LOC-103,18.7,6.38,0.64,8.06,36,PVC,Microbead,3.3,Low
SMP-2026-0259,13-02-2026 00:00,LOC-109,25.2,7.49,28.99,6.65,322,PET,Fragment,1.85,Medium
SMP-2026-0260,13-02-2026 04:00,LOC-102,14.5,6.88,13.78,9.09,257,PET,Film,3.49,Medium
SMP-2026-0261,13-02-2026 08:00,LOC-102,27.1,7.41,11.2,6.18,192,PS,Fiber,1.86,Medium
SMP-2026-0262,13-02-2026 12:00,LOC-102,10.4,7.22,14.38,10.45,101,PE,Fiber,1.93,Medium
SMP-2026-0263,13-02-2026 16:00,LOC-106,8.4,8.45,11.89,10.87,294,PET,Fiber,1.4,Medium
SMP-2026-0264,13-02-2026 20:00,LOC-103,26.1,7.2,1.87,6.81,25,PET,Film,1.12,Low
SMP-2026-0265,14-02-2026 00:00,LOC-109,9.4,8.32,43.73,11.26,832,PA,Film,0.92,Critical
SMP-2026-0266,14-02-2026 04:00,LOC-104,27.8,7.69,10.32,5.92,241,PP,Foam,1.23,Medium
SMP-2026-0267,14-02-2026 08:00,LOC-101,27,7,33.16,6.41,715,PA,Fragment,1.64,Critical
SMP-2026-0268,14-02-2026 12:00,LOC-104,10.7,7.57,34.44,9.48,289,PA,Foam,0.71,Medium
SMP-2026-0269,14-02-2026 16:00,LOC-101,18.8,7.25,41.85,8.68,602,PVC,Fragment,0.83,High
SMP-2026-0270,14-02-2026 20:00,LOC-105,11.7,7.52,1.86,10.11,53,PE,Film,0.99,Low
SMP-2026-0271,15-02-2026 00:00,LOC-104,16.6,7.04,39.31,8.71,451,PP,Film,1.6,High
SMP-2026-0272,15-02-2026 04:00,LOC-108,9.2,8.25,23.96,11.46,358,PS,Foam,2.3,High
SMP-2026-0273,15-02-2026 08:00,LOC-108,12.5,7.86,28.65,10.07,313,PS,Microbead,3,Medium
SMP-2026-0274,15-02-2026 12:00,LOC-107,15.3,7.42,29.18,9.71,442,PET,Foam,1.04,High
SMP-2026-0275,15-02-2026 16:00,LOC-103,16.8,8.26,36.98,8.94,860,PET,Fragment,0.68,Critical
SMP-2026-0276,15-02-2026 20:00,LOC-101,27.5,7.44,15.34,5.83,230,PS,Foam,1.36,Medium
SMP-2026-0277,16-02-2026 00:00,LOC-101,24.2,7.95,33.12,6.49,560,PET,Fiber,3.14,High
SMP-2026-0278,16-02-2026 04:00,LOC-103,22.7,7.42,24.02,6.66,335,PE,Fragment,0.08,Medium
SMP-2026-0279,16-02-2026 08:00,LOC-106,18.7,7.6,35.81,8.02,531,PA,Fragment,2.39,High
SMP-2026-0280,16-02-2026 12:00,LOC-107,24.8,7.36,44.58,6.51,260,PET,Microbead,1.7,Medium
SMP-2026-0281,16-02-2026 16:00,LOC-106,14.8,7.45,9.43,10.48,120,PVC,Film,0.61,Medium
SMP-2026-0282,16-02-2026 20:00,LOC-106,22.2,7.49,44.76,8.08,625,PET,Fragment,1.16,High
SMP-2026-0283,17-02-2026 00:00,LOC-106,27.9,7.07,4.5,5.3,98,PP,Film,0.83,Low
SMP-2026-0284,17-02-2026 04:00,LOC-103,14.3,7.2,0.6,9.74,25,PE,Foam,3.08,Low
SMP-2026-0285,17-02-2026 08:00,LOC-106,21.5,7.29,2.47,7.41,44,PP,Fiber,1.71,Low
SMP-2026-0286,17-02-2026 12:00,LOC-108,24.9,7.51,15.71,6.6,224,PP,Microbead,1.99,Medium
SMP-2026-0287,17-02-2026 16:00,LOC-102,26.3,7.38,28.66,6.24,295,PVC,Film,2.1,Medium
SMP-2026-0288,17-02-2026 20:00,LOC-105,22.4,7.99,3.57,7.54,107,PE,Fragment,2.26,Medium
SMP-2026-0289,18-02-2026 00:00,LOC-101,13.7,7.82,0.75,8.44,30,PE,Film,1.76,Low
SMP-2026-0290,18-02-2026 04:00,LOC-101,14.5,7.3,42.2,9.83,255,PE,Fragment,0.11,Medium
SMP-2026-0291,18-02-2026 08:00,LOC-105,8.4,8.09,37.08,11.28,218,PE,Film,1.2,Medium
SMP-2026-0292,18-02-2026 12:00,LOC-103,23.2,8.34,36.51,6.69,914,PE,Fragment,0.68,Critical
SMP-2026-0293,18-02-2026 16:00,LOC-104,8.9,6.38,39.86,11.73,391,PVC,Foam,2.4,High
SMP-2026-0294,18-02-2026 20:00,LOC-103,25.3,7.87,31.65,7.14,690,PET,Fragment,0.25,High
SMP-2026-0295,19-02-2026 00:00,LOC-101,10.4,7.05,5.15,11.22,53,PP,Fragment,2,Low
SMP-2026-0296,19-02-2026 04:00,LOC-101,11.4,7.8,18.26,10.32,453,PE,Fiber,0.78,High
SMP-2026-0297,19-02-2026 08:00,LOC-105,17.5,8.02,32.68,8.21,753,PET,Fragment,3.32,Critical
SMP-2026-0298,19-02-2026 12:00,LOC-106,22.8,6.96,12.97,5.66,234,PET,Fiber,1.21,Medium
SMP-2026-0299,19-02-2026 16:00,LOC-103,10.8,6.47,31.09,10.85,178,PP,Microbead,1.17,Medium
SMP-2026-0300,19-02-2026 20:00,LOC-109,16.8,7.82,1.59,9.25,38,PVC,Fiber,3.24,Low
SMP-2026-0301,20-02-2026 00:00,LOC-105,17.7,7.47,14.12,8.64,210,PS,Foam,1.49,Medium
SMP-2026-0302,20-02-2026 04:00,LOC-108,12.2,6.57,24.94,10.81,366,PS,Fiber,3.37,High
SMP-2026-0303,20-02-2026 08:00,LOC-101,10.3,8.66,28.63,10.25,331,PET,Microbead,0.13,Medium
SMP-2026-0304,20-02-2026 12:00,LOC-105,24.7,7.71,26.18,6.5,178,PA,Foam,1.11,Medium
SMP-2026-0305,20-02-2026 16:00,LOC-103,18,7.74,31.55,8.47,545,PA,Film,2.35,High
SMP-2026-0306,20-02-2026 20:00,LOC-101,8.3,8.08,0.77,11.45,29,PP,Film,3.12,Low
SMP-2026-0307,21-02-2026 00:00,LOC-104,24.1,7.11,4.99,7.35,75,PS,Fiber,0.93,Low
SMP-2026-0308,21-02-2026 04:00,LOC-105,27.6,7.47,39.17,5.67,242,PET,Fiber,3.26,Medium
SMP-2026-0309,21-02-2026 08:00,LOC-107,20.1,6.74,30.84,7.82,785,PVC,Microbead,2.1,Critical
SMP-2026-0310,21-02-2026 12:00,LOC-101,18.1,7.1,5.53,8.1,95,PS,Microbead,2.81,Low
SMP-2026-0311,21-02-2026 16:00,LOC-103,25.6,7.59,37.97,6.98,788,PET,Fragment,1.42,Critical
SMP-2026-0312,21-02-2026 20:00,LOC-102,27.1,6.57,11.28,5.15,175,PET,Microbead,0.78,Medium
SMP-2026-0313,22-02-2026 00:00,LOC-109,23.1,7.08,21.78,6.79,151,PE,Fragment,3.19,Medium
SMP-2026-0314,22-02-2026 04:00,LOC-110,16.9,6.94,6.96,9.78,100,PVC,Foam,3.27,Medium
SMP-2026-0315,22-02-2026 08:00,LOC-106,19.8,7.47,32.1,8.29,394,PE,Fiber,1.77,High
SMP-2026-0316,22-02-2026 12:00,LOC-110,22,7.69,30.18,7.39,675,PP,Foam,0.07,High
SMP-2026-0317,22-02-2026 16:00,LOC-103,11.9,7.77,9.89,10.44,205,PE,Microbead,0.43,Medium
SMP-2026-0318,22-02-2026 20:00,LOC-108,16.9,7.9,38.92,8.46,431,PE,Foam,2.03,High
SMP-2026-0319,23-02-2026 00:00,LOC-108,24.6,8.09,18.36,6.59,467,PS,Foam,0.13,High
SMP-2026-0320,23-02-2026 04:00,LOC-102,21.1,7.7,13.52,7.5,173,PA,Foam,1.42,Medium
SMP-2026-0321,23-02-2026 08:00,LOC-106,16.2,8.34,7.28,9.23,201,PET,Microbead,1.1,Medium
SMP-2026-0322,23-02-2026 12:00,LOC-107,21.3,7.46,12.34,6.86,335,PVC,Foam,2.51,Medium
SMP-2026-0323,23-02-2026 16:00,LOC-102,10.4,7.31,1.48,11.08,33,PE,Fragment,0.24,Low
SMP-2026-0324,23-02-2026 20:00,LOC-110,16,7.7,26.45,9.71,320,PVC,Microbead,1.74,Medium
SMP-2026-0325,24-02-2026 00:00,LOC-102,23.9,7.29,37.98,6.73,583,PA,Foam,2.05,High
SMP-2026-0326,24-02-2026 04:00,LOC-110,12.4,8.33,24.93,10.6,473,PA,Microbead,2.18,High
SMP-2026-0327,24-02-2026 08:00,LOC-101,11.7,7.97,10.26,10.65,179,PE,Film,1.45,Medium
SMP-2026-0328,24-02-2026 12:00,LOC-108,27,7.78,2,5.6,76,PP,Fragment,1.1,Low
SMP-2026-0329,24-02-2026 16:00,LOC-101,12.2,7.47,10.05,9.81,216,PE,Foam,2.4,Medium
SMP-2026-0330,24-02-2026 20:00,LOC-109,13.2,7.2,19.02,9.58,194,PS,Film,2.97,Medium
SMP-2026-0331,25-02-2026 00:00,LOC-106,27.4,7.75,34.3,5.93,263,PET,Film,2.44,Medium
SMP-2026-0332,25-02-2026 04:00,LOC-107,22.7,6.84,8.86,7.16,187,PP,Microbead,3.27,Medium
SMP-2026-0333,25-02-2026 08:00,LOC-110,22,8.17,32.53,8.04,287,PE,Film,2.52,Medium
SMP-2026-0334,25-02-2026 12:00,LOC-107,25.1,7.31,39.08,6.87,833,PVC,Fragment,2.69,Critical
SMP-2026-0335,25-02-2026 16:00,LOC-110,10.3,7.55,20.7,11.3,263,PP,Fragment,0.63,Medium
SMP-2026-0336,25-02-2026 20:00,LOC-103,22.1,6.95,37.05,7.5,441,PP,Fiber,1.5,High
SMP-2026-0337,26-02-2026 00:00,LOC-102,18.1,7.76,25.18,8.09,151,PE,Fragment,1.72,Medium
SMP-2026-0338,26-02-2026 04:00,LOC-109,24.6,7.17,28.85,6.78,568,PP,Film,0.93,High
SMP-2026-0339,26-02-2026 08:00,LOC-108,18.2,7.72,23.92,8.57,196,PVC,Fragment,1.87,Medium
SMP-2026-0340,26-02-2026 12:00,LOC-110,20.4,7.78,21.11,7.31,443,PA,Microbead,1.05,High
SMP-2026-0341,26-02-2026 16:00,LOC-107,17.6,7.08,10.94,9.32,182,PP,Fiber,2.42,Medium
SMP-2026-0342,26-02-2026 20:00,LOC-109,17.6,6.84,13.99,9.27,297,PA,Film,1.67,Medium
SMP-2026-0343,27-02-2026 00:00,LOC-104,23.4,8.17,13.4,6.41,244,PVC,Fiber,1.63,Medium
SMP-2026-0344,27-02-2026 04:00,LOC-104,20.6,7.3,25.57,7.5,184,PE,Film,3.44,Medium
SMP-2026-0345,27-02-2026 08:00,LOC-101,20.7,7.51,5.84,7.52,138,PET,Microbead,1.4,Medium
SMP-2026-0346,27-02-2026 12:00,LOC-108,17,7.64,41.3,9.2,283,PP,Fiber,1.3,Medium
SMP-2026-0347,27-02-2026 16:00,LOC-103,18.6,6.77,32.57,8.67,492,PET,Foam,1.15,High
SMP-2026-0348,27-02-2026 20:00,LOC-107,22.9,7.63,18.36,7.15,175,PVC,Film,3.14,Medium
SMP-2026-0349,28-02-2026 00:00,LOC-102,24.5,7.45,7.56,6.79,176,PP,Foam,1.76,Medium
SMP-2026-0350,28-02-2026 04:00,LOC-102,21.9,7.08,39.75,6.79,940,PA,Fiber,2.12,Critical
SMP-2026-0351,28-02-2026 08:00,LOC-107,26.5,6.82,37.16,6.24,616,PS,Foam,0.67,High
SMP-2026-0352,28-02-2026 12:00,LOC-106,24.4,7.7,32.62,6.63,534,PET,Foam,1.92,High
SMP-2026-0353,28-02-2026 16:00,LOC-103,19.2,7.96,12.58,7.9,274,PP,Fiber,1,Medium
SMP-2026-0354,28-02-2026 20:00,LOC-109,21.4,7.49,18.41,6.81,116,PET,Microbead,2.57,Medium
SMP-2026-0355,01-03-2026 00:00,LOC-110,26.5,6.68,5.07,6.06,140,PP,Foam,2.92,Medium
SMP-2026-0356,01-03-2026 04:00,LOC-106,20.4,6.87,8.91,8.06,102,PE,Foam,2.52,Medium
SMP-2026-0357,01-03-2026 08:00,LOC-110,24.5,7.18,35.34,5.8,894,PA,Microbead,2.57,Critical
SMP-2026-0358,01-03-2026 12:00,LOC-110,21.8,8.18,32.32,7.47,660,PET,Foam,1.82,High
SMP-2026-0359,01-03-2026 16:00,LOC-106,19,7.28,26.91,8.36,562,PS,Foam,2.51,High
SMP-2026-0360,01-03-2026 20:00,LOC-101,12.8,7.17,40.36,9.88,748,PS,Foam,1.51,Critical
SMP-2026-0361,02-03-2026 00:00,LOC-104,16.5,6.56,26.46,9.24,407,PVC,Fragment,2.3,High
SMP-2026-0362,02-03-2026 04:00,LOC-110,27.4,7.07,21.28,5.71,373,PP,Microbead,0.94,High
SMP-2026-0363,02-03-2026 08:00,LOC-106,21.2,6.78,15.65,7.78,122,PET,Foam,0.29,Medium
SMP-2026-0364,02-03-2026 12:00,LOC-106,19.3,6.9,42.35,8.48,762,PVC,Microbead,1.48,Critical
SMP-2026-0365,02-03-2026 16:00,LOC-105,26.7,7.46,4.18,6.26,89,PET,Film,1.64,Low
SMP-2026-0366,02-03-2026 20:00,LOC-101,19.7,7.2,41.92,8.6,976,PP,Film,0.93,Critical
SMP-2026-0367,03-03-2026 00:00,LOC-108,18.5,8.25,37.29,8.62,588,PS,Foam,2.56,High
SMP-2026-0368,03-03-2026 04:00,LOC-105,23.2,7.94,6.28,6.8,61,PE,Microbead,0.3,Low
SMP-2026-0369,03-03-2026 08:00,LOC-105,22.3,7.1,25.64,6.99,299,PS,Microbead,0.82,Medium
SMP-2026-0370,03-03-2026 12:00,LOC-107,11.9,6.94,39.06,9.9,725,PVC,Microbead,2.63,Critical
SMP-2026-0371,03-03-2026 16:00,LOC-104,17.4,8.09,25.95,8.86,271,PA,Fragment,1.56,Medium
SMP-2026-0372,03-03-2026 20:00,LOC-106,17.5,8.23,40.87,9.41,457,PE,Film,2.48,High
SMP-2026-0373,04-03-2026 00:00,LOC-104,15.6,6.3,42.46,9.14,931,PVC,Microbead,2.01,Critical
SMP-2026-0374,04-03-2026 04:00,LOC-103,18.3,7.45,19.3,8.73,342,PP,Microbead,3.33,Medium
SMP-2026-0375,04-03-2026 08:00,LOC-107,16.3,7.27,17.29,8.73,285,PE,Fragment,2.11,Medium
SMP-2026-0376,04-03-2026 12:00,LOC-108,12,7.72,42.17,10.5,504,PVC,Fragment,0.1,High
SMP-2026-0377,04-03-2026 16:00,LOC-104,16.2,8.37,30.54,9.77,615,PP,Microbead,1.27,High
SMP-2026-0378,04-03-2026 20:00,LOC-102,9.4,7.16,5.66,11.52,84,PS,Fiber,0.54,Low
SMP-2026-0379,05-03-2026 00:00,LOC-110,19.5,6.37,2.38,7.36,70,PA,Microbead,3.24,Low
SMP-2026-0380,05-03-2026 04:00,LOC-103,25.1,7.69,25.63,6.76,188,PP,Microbead,0.41,Medium
SMP-2026-0381,05-03-2026 08:00,LOC-101,22.5,8.09,41.89,7.56,950,PET,Fragment,1.39,Critical
SMP-2026-0382,05-03-2026 12:00,LOC-108,15.2,7.25,38.07,9.53,583,PP,Fragment,0.83,High
SMP-2026-0383,05-03-2026 16:00,LOC-103,9.7,7.05,30.58,11.42,438,PP,Microbead,2.97,High
SMP-2026-0384,05-03-2026 20:00,LOC-110,12,7.18,6.69,9.98,135,PA,Microbead,1.11,Medium
SMP-2026-0385,06-03-2026 00:00,LOC-107,18.9,7.83,11.81,8.36,227,PET,Microbead,3.47,Medium
SMP-2026-0386,06-03-2026 04:00,LOC-110,12.1,7.17,39.46,10.93,320,PVC,Fragment,0.18,Medium
SMP-2026-0387,06-03-2026 08:00,LOC-105,18.9,7.56,8.63,8.84,191,PVC,Microbead,0.49,Medium
SMP-2026-0388,06-03-2026 12:00,LOC-110,12.6,7.41,12.89,10.49,154,PP,Microbead,0.83,Medium
SMP-2026-0389,06-03-2026 16:00,LOC-105,25,7.36,6.27,6.06,162,PET,Foam,2.85,Medium
SMP-2026-0390,06-03-2026 20:00,LOC-107,15.9,7.75,30.59,8.71,672,PET,Fiber,3.08,High
SMP-2026-0391,07-03-2026 00:00,LOC-109,12.9,7.16,42.51,10.19,522,PA,Film,0.3,High
SMP-2026-0392,07-03-2026 04:00,LOC-105,24.2,7.18,12.47,6.83,282,PS,Fiber,0.16,Medium
SMP-2026-0393,07-03-2026 08:00,LOC-101,14.9,7.8,21.66,9.48,283,PVC,Foam,2.62,Medium
SMP-2026-0394,07-03-2026 12:00,LOC-110,10.2,6.91,28.73,10.54,220,PA,Film,0.51,Medium
SMP-2026-0395,07-03-2026 16:00,LOC-110,19.4,6.96,44.98,8.4,1110,PE,Microbead,0.51,Critical
SMP-2026-0396,07-03-2026 20:00,LOC-101,19.6,6.77,5.16,8.18,117,PVC,Foam,0.13,Medium
SMP-2026-0397,08-03-2026 00:00,LOC-102,22.3,7.82,22.69,7.45,338,PA,Microbead,0.22,Medium
SMP-2026-0398,08-03-2026 04:00,LOC-106,12.8,7.35,17.64,10.46,250,PVC,Fragment,0.96,Medium
SMP-2026-0399,08-03-2026 08:00,LOC-109,16.9,6.74,39.03,8.79,466,PS,Foam,0.27,High
SMP-2026-0400,08-03-2026 12:00,LOC-108,13.6,7.83,21.68,9.68,554,PE,Fragment,1.32,High
SMP-2026-0401,08-03-2026 16:00,LOC-105,9.6,7.12,5.44,11.67,64,PS,Foam,2.92,Low
SMP-2026-0402,08-03-2026 20:00,LOC-101,25.5,6.96,28.73,5.97,338,PE,Foam,1.18,Medium
SMP-2026-0403,09-03-2026 00:00,LOC-107,22.6,7.3,34.8,6.99,534,PP,Fragment,2.56,High
SMP-2026-0404,09-03-2026 04:00,LOC-105,14,8.14,0.63,10.42,22,PA,Film,0.37,Low
SMP-2026-0405,09-03-2026 08:00,LOC-106,20,7.2,38.72,7.73,576,PE,Fiber,2.32,High
SMP-2026-0406,09-03-2026 12:00,LOC-107,12,7.69,8.78,10.35,91,PS,Microbead,1.14,Low
SMP-2026-0407,09-03-2026 16:00,LOC-103,25.8,7.76,25.07,6.05,221,PVC,Foam,2.64,Medium
SMP-2026-0408,09-03-2026 20:00,LOC-110,10.3,7.62,19,10.02,211,PE,Microbead,0.52,Medium
SMP-2026-0409,10-03-2026 00:00,LOC-103,8.1,8.04,32.52,11.51,778,PA,Fragment,3.15,Critical
SMP-2026-0410,10-03-2026 04:00,LOC-105,18,7.05,17.02,8.09,145,PE,Microbead,0.89,Medium
SMP-2026-0411,10-03-2026 08:00,LOC-106,19.7,6.88,39.2,8.22,812,PET,Fragment,1.27,Critical
SMP-2026-0412,10-03-2026 12:00,LOC-109,19.6,6.87,33.01,8.67,689,PVC,Microbead,3.33,High
SMP-2026-0413,10-03-2026 16:00,LOC-105,9.1,7.33,29.32,10.16,639,PA,Fiber,2.05,High
SMP-2026-0414,10-03-2026 20:00,LOC-101,14.3,6.93,35.93,9.51,841,PA,Fiber,1.31,Critical
SMP-2026-0415,11-03-2026 00:00,LOC-104,18,7.47,34.05,8.83,367,PP,Fiber,3.33,High
SMP-2026-0416,11-03-2026 04:00,LOC-105,12.3,7.44,2.1,9.22,41,PS,Fiber,1.19,Low
SMP-2026-0417,11-03-2026 08:00,LOC-110,25.5,7.91,18.07,7.02,271,PP,Fiber,0.38,Medium
SMP-2026-0418,11-03-2026 12:00,LOC-110,9.7,7.55,41.92,11.28,447,PA,Fiber,3.49,High
SMP-2026-0419,11-03-2026 16:00,LOC-105,17.7,7.19,6.09,9.23,131,PVC,Fragment,0.97,Medium
SMP-2026-0420,11-03-2026 20:00,LOC-107,21.8,7.61,33.3,7.18,610,PE,Foam,2.99,High
SMP-2026-0421,12-03-2026 00:00,LOC-104,13.2,6.88,43.87,9.82,1015,PE,Microbead,0.62,Critical
SMP-2026-0422,12-03-2026 04:00,LOC-101,20.5,7.38,2.82,7.77,40,PVC,Fiber,2.57,Low
SMP-2026-0423,12-03-2026 08:00,LOC-105,24.6,7.56,30.86,7.69,738,PA,Fragment,1.86,Critical
SMP-2026-0424,12-03-2026 12:00,LOC-107,11.8,7.46,21.33,11.12,257,PE,Fragment,3.43,Medium
SMP-2026-0425,12-03-2026 16:00,LOC-110,26.3,7.61,26.27,6.18,408,PE,Fragment,1.96,High
SMP-2026-0426,12-03-2026 20:00,LOC-110,19.1,7.08,4.3,8.4,81,PE,Foam,0.14,Low
SMP-2026-0427,13-03-2026 00:00,LOC-106,14,7.98,2.41,10.12,65,PS,Microbead,2.13,Low
SMP-2026-0428,13-03-2026 04:00,LOC-105,16.6,8.31,30.18,10.22,432,PS,Foam,0.55,High
SMP-2026-0429,13-03-2026 08:00,LOC-104,14.2,6.6,37.14,9.93,902,PET,Film,2.8,Critical
SMP-2026-0430,13-03-2026 12:00,LOC-102,22.5,6.79,35.3,7.27,841,PP,Fragment,3.01,Critical
SMP-2026-0431,13-03-2026 16:00,LOC-104,23.9,7.42,24.7,6.66,575,PVC,Film,1.71,High
SMP-2026-0432,13-03-2026 20:00,LOC-110,24.7,7.27,4.94,6.71,51,PVC,Fiber,2.75,Low
SMP-2026-0433,14-03-2026 00:00,LOC-110,27.7,8.35,31.12,5.4,702,PVC,Fiber,0.55,Critical
SMP-2026-0434,14-03-2026 04:00,LOC-103,23.8,7.51,11.26,7.11,249,PET,Foam,1.75,Medium
SMP-2026-0435,14-03-2026 08:00,LOC-110,20,8.1,41.04,7.28,310,PS,Microbead,1.41,Medium
SMP-2026-0436,14-03-2026 12:00,LOC-101,14.8,6.38,37.8,9.43,299,PA,Film,2.16,Medium
SMP-2026-0437,14-03-2026 16:00,LOC-108,18.9,7.81,32.07,8.7,243,PA,Microbead,0.2,Medium
SMP-2026-0438,14-03-2026 20:00,LOC-105,8.8,7.04,42.72,11.54,241,PET,Foam,2.64,Medium
SMP-2026-0439,15-03-2026 00:00,LOC-104,22.9,7.03,1.9,6.9,48,PA,Fiber,0.32,Low
SMP-2026-0440,15-03-2026 04:00,LOC-108,16.9,7.28,33.26,8.81,840,PVC,Microbead,2.31,Critical
SMP-2026-0441,15-03-2026 08:00,LOC-107,8.4,6.69,15.2,12,222,PP,Microbead,0.11,Medium
SMP-2026-0442,15-03-2026 12:00,LOC-102,9.3,7.62,40.82,10.6,665,PE,Fiber,2.92,High
SMP-2026-0443,15-03-2026 16:00,LOC-101,15.7,7.5,12.37,8.69,322,PS,Film,0.65,Medium
SMP-2026-0444,15-03-2026 20:00,LOC-104,19.7,7.53,32.76,7.63,356,PS,Fiber,1.83,High
SMP-2026-0445,16-03-2026 00:00,LOC-108,17.3,7.84,39.56,8.8,897,PET,Microbead,0.95,Critical
SMP-2026-0446,16-03-2026 04:00,LOC-102,20.4,8.16,2.35,7.2,62,PS,Film,2.54,Low
SMP-2026-0447,16-03-2026 08:00,LOC-103,17.6,7.22,18.2,9.2,311,PVC,Film,1.16,Medium
SMP-2026-0448,16-03-2026 12:00,LOC-101,21.2,7.64,34.42,7.18,431,PA,Fiber,2.55,High
SMP-2026-0449,16-03-2026 16:00,LOC-101,12.4,7.55,20.74,10.39,353,PVC,Microbead,1.03,High
SMP-2026-0450,16-03-2026 20:00,LOC-103,10.3,7.59,12.39,10.62,104,PET,Foam,2.65,Medium
SMP-2026-0451,17-03-2026 00:00,LOC-105,19.9,7.6,10.28,8,232,PVC,Microbead,0.16,Medium
SMP-2026-0452,17-03-2026 04:00,LOC-103,17.7,8.2,6.35,7.89,82,PA,Fragment,1.03,Low
SMP-2026-0453,17-03-2026 08:00,LOC-101,8.5,7.17,38.64,11.95,904,PP,Foam,1.77,Critical
SMP-2026-0454,17-03-2026 12:00,LOC-101,15.6,6.64,26.1,8.84,339,PET,Film,0.21,Medium
SMP-2026-0455,17-03-2026 16:00,LOC-108,10.1,7.05,3.9,10.44,48,PP,Foam,0.69,Low
SMP-2026-0456,17-03-2026 20:00,LOC-110,18.6,7.78,17.52,9.61,347,PE,Film,3.27,Medium
SMP-2026-0457,18-03-2026 00:00,LOC-102,15.9,7.41,16.86,9.51,156,PP,Film,3.42,Medium
SMP-2026-0458,18-03-2026 04:00,LOC-103,20.3,7.17,8.59,8.39,196,PE,Foam,2.6,Medium
SMP-2026-0459,18-03-2026 08:00,LOC-102,24.1,6.86,19.88,7,506,PE,Film,0.92,High
SMP-2026-0460,18-03-2026 12:00,LOC-103,14,7.51,15.28,9.57,345,PP,Film,0.95,Medium
SMP-2026-0461,18-03-2026 16:00,LOC-107,27.2,7.72,15.71,5.19,110,PET,Fragment,2.28,Medium
SMP-2026-0462,18-03-2026 20:00,LOC-101,18.7,7.55,33.39,8.24,582,PA,Microbead,0.46,High
SMP-2026-0463,19-03-2026 00:00,LOC-110,20.4,7.27,10.44,7.39,218,PVC,Microbead,3.32,Medium
SMP-2026-0464,19-03-2026 04:00,LOC-108,21.6,7.47,29.06,7.06,646,PVC,Fragment,0.83,High
SMP-2026-0465,19-03-2026 08:00,LOC-110,21.3,7.47,25.89,6.82,175,PA,Foam,3.5,Medium
SMP-2026-0466,19-03-2026 12:00,LOC-110,18.2,7.49,25.78,8.6,399,PE,Fiber,1.76,High
SMP-2026-0467,19-03-2026 16:00,LOC-110,16.6,6.81,30,9.81,494,PE,Fiber,2.71,High
SMP-2026-0468,19-03-2026 20:00,LOC-102,9.1,7.5,24.9,11.55,226,PET,Fiber,0.06,Medium
SMP-2026-0469,20-03-2026 00:00,LOC-103,8.4,7.18,39.63,11.43,478,PS,Fragment,3.12,High
SMP-2026-0470,20-03-2026 04:00,LOC-109,15.2,7.92,30.56,9.42,443,PP,Fragment,0.98,High
SMP-2026-0471,20-03-2026 08:00,LOC-107,14.7,7.47,24.84,8.07,561,PE,Film,2.35,High
SMP-2026-0472,20-03-2026 12:00,LOC-104,15.8,7.82,37.42,9.05,902,PVC,Fiber,2.83,Critical
SMP-2026-0473,20-03-2026 16:00,LOC-110,10.8,7.25,27.47,10.05,505,PET,Foam,0.62,High
SMP-2026-0474,20-03-2026 20:00,LOC-105,22.8,7.27,13.46,7.23,196,PP,Foam,1.58,Medium
SMP-2026-0475,21-03-2026 00:00,LOC-102,25.1,8.15,9.72,6.34,116,PET,Fiber,1.75,Medium
SMP-2026-0476,21-03-2026 04:00,LOC-108,26.8,7.62,7.28,5.53,189,PP,Fiber,1.13,Medium
SMP-2026-0477,21-03-2026 08:00,LOC-104,17.8,7.04,40.53,8.72,1015,PP,Fiber,1.71,Critical
SMP-2026-0478,21-03-2026 12:00,LOC-109,22,7.85,32.1,7.45,779,PA,Fragment,1.15,Critical
SMP-2026-0479,21-03-2026 16:00,LOC-105,25.1,7.13,42.21,7.23,894,PE,Fragment,1.29,Critical
SMP-2026-0480,21-03-2026 20:00,LOC-109,16.4,7.51,27.35,9.42,330,PET,Fragment,2.36,Medium
SMP-2026-0481,22-03-2026 00:00,LOC-104,14.2,8.32,21.57,9.85,479,PET,Microbead,2.23,High
SMP-2026-0482,22-03-2026 04:00,LOC-110,26.7,6.68,3.16,5.52,69,PA,Foam,0.85,Low
SMP-2026-0483,22-03-2026 08:00,LOC-105,18.3,7.31,30.39,7.97,375,PVC,Foam,3.15,High
SMP-2026-0484,22-03-2026 12:00,LOC-109,17.9,7.6,26.41,8.93,546,PVC,Film,3.03,High
SMP-2026-0485,22-03-2026 16:00,LOC-108,11.6,7.78,44.56,10.42,316,PE,Fragment,1.81,Medium
SMP-2026-0486,22-03-2026 20:00,LOC-103,10.2,6.78,11.14,11.06,81,PE,Microbead,1.54,Low
SMP-2026-0487,23-03-2026 00:00,LOC-101,24.8,6.63,24.12,7.05,357,PS,Microbead,1.35,High
SMP-2026-0488,23-03-2026 04:00,LOC-103,20.3,7.95,29.47,7.15,428,PA,Foam,2.49,High
SMP-2026-0489,23-03-2026 08:00,LOC-104,14.5,7.04,29.18,10.35,678,PVC,Fragment,2.37,High
SMP-2026-0490,23-03-2026 12:00,LOC-102,11.8,7.02,25.48,10.94,208,PP,Film,0.73,Medium
SMP-2026-0491,23-03-2026 16:00,LOC-101,19.1,8.18,35.07,7.24,280,PET,Fragment,2.37,Medium
SMP-2026-0492,23-03-2026 20:00,LOC-107,19.7,7.43,9.62,9.27,99,PE,Fiber,0.92,Low
SMP-2026-0493,24-03-2026 00:00,LOC-108,12.1,7.44,32.79,10.53,202,PET,Fragment,0.11,Medium
SMP-2026-0494,24-03-2026 04:00,LOC-107,25,7.31,28.08,6.26,200,PET,Fiber,2.46,Medium
SMP-2026-0495,24-03-2026 08:00,LOC-105,9.7,6.79,40.38,11.35,755,PS,Fiber,2.27,Critical
SMP-2026-0496,24-03-2026 12:00,LOC-101,15.1,7.74,38.2,8.98,549,PVC,Film,1.47,High
SMP-2026-0497,24-03-2026 16:00,LOC-107,21.6,7.6,14.52,7.79,312,PE,Foam,1.86,Medium
SMP-2026-0498,24-03-2026 20:00,LOC-107,13.5,7.48,12.79,9.55,341,PET,Fragment,3.32,Medium
SMP-2026-0499,25-03-2026 00:00,LOC-109,24.6,7.34,44.18,7.63,826,PE,Fiber,2.1,Critical
SMP-2026-0500,25-03-2026 04:00,LOC-103,22.8,7.25,23.96,7.19,169,PP,Fragment,2.32,Medium
SMP-2026-0501,25-03-2026 08:00,LOC-109,23.8,7.86,40.84,7.18,318,PS,Foam,0.27,Medium
SMP-2026-0502,25-03-2026 12:00,LOC-101,10.4,7.33,7.79,10.49,202,PP,Foam,0.62,Medium
SMP-2026-0503,25-03-2026 16:00,LOC-101,10.8,7.37,29.11,11.17,473,PE,Microbead,1.09,High
SMP-2026-0504,25-03-2026 20:00,LOC-104,13.7,7.66,36.54,9.88,807,PE,Foam,1.91,Critical
SMP-2026-0505,26-03-2026 00:00,LOC-109,18.4,7.5,42.66,7.77,967,PVC,Film,2.73,Critical
SMP-2026-0506,26-03-2026 04:00,LOC-106,23,8.22,15.51,6.98,388,PET,Fiber,1.16,High
SMP-2026-0507,26-03-2026 08:00,LOC-103,24.7,6.52,32.76,7.56,810,PET,Microbead,1.28,Critical
SMP-2026-0508,26-03-2026 12:00,LOC-101,22.1,7.55,24.48,7.8,413,PP,Film,0.93,High
SMP-2026-0509,26-03-2026 16:00,LOC-104,26.6,7.05,3.2,5.83,60,PS,Fragment,0.93,Low
SMP-2026-0510,26-03-2026 20:00,LOC-109,22.8,6.93,31.2,6.23,780,PA,Fiber,3.32,Critical
SMP-2026-0511,27-03-2026 00:00,LOC-103,14.1,7.17,31.21,9.35,516,PET,Foam,2.24,High
SMP-2026-0512,27-03-2026 04:00,LOC-109,13.3,7.43,41.91,9.31,276,PVC,Fiber,0.59,Medium
SMP-2026-0513,27-03-2026 08:00,LOC-107,21.9,7.45,22.63,6.51,430,PP,Fragment,2.54,High
SMP-2026-0514,27-03-2026 12:00,LOC-104,11.9,6.64,10.75,10.82,199,PP,Microbead,2.54,Medium
SMP-2026-0515,27-03-2026 16:00,LOC-103,9.9,7.13,2.48,11.06,82,PA,Microbead,2.35,Low
SMP-2026-0516,27-03-2026 20:00,LOC-110,18.6,7.54,19,9.32,367,PVC,Microbead,0.51,High
SMP-2026-0517,28-03-2026 00:00,LOC-105,24.4,6.96,13.94,6.18,182,PS,Foam,1.46,Medium
SMP-2026-0518,28-03-2026 04:00,LOC-105,10,6.84,34.37,11,851,PVC,Film,0.42,Critical
SMP-2026-0519,28-03-2026 08:00,LOC-103,23.8,6.27,16.26,6.16,370,PS,Film,2.87,High
SMP-2026-0520,28-03-2026 12:00,LOC-109,24.2,7.07,42.73,6.44,771,PVC,Fiber,2.31,Critical
SMP-2026-0521,28-03-2026 16:00,LOC-104,17.6,6.83,43.32,8.61,487,PVC,Foam,1.8,High
SMP-2026-0522,28-03-2026 20:00,LOC-105,9.1,6.91,28.13,11.08,375,PE,Microbead,1.23,High
SMP-2026-0523,29-03-2026 00:00,LOC-104,11.5,7.26,41.83,10.58,791,PP,Microbead,0.69,Critical
SMP-2026-0524,29-03-2026 04:00,LOC-105,22.1,7.1,34.36,7.86,243,PVC,Fragment,0.42,Medium
SMP-2026-0525,29-03-2026 08:00,LOC-107,22.2,6.82,24.84,7.77,268,PA,Fragment,3.39,Medium
SMP-2026-0526,29-03-2026 12:00,LOC-109,26,6.34,8.52,5.82,183,PVC,Microbead,0.74,Medium
SMP-2026-0527,29-03-2026 16:00,LOC-107,19.7,7.55,20.91,8.07,328,PET,Microbead,0.26,Medium
SMP-2026-0528,29-03-2026 20:00,LOC-105,10.5,7.78,25.46,11.25,348,PP,Foam,3.37,Medium
SMP-2026-0529,30-03-2026 00:00,LOC-110,10.4,7.2,38.95,11.4,336,PET,Film,1.94,Medium
SMP-2026-0530,30-03-2026 04:00,LOC-110,22.4,7.27,21.92,6.95,319,PP,Fragment,2.8,Medium
SMP-2026-0531,30-03-2026 08:00,LOC-107,11.7,7.4,40.45,10.84,850,PET,Film,0.2,Critical
SMP-2026-0532,30-03-2026 12:00,LOC-110,14.6,8.19,30.51,9.79,338,PVC,Foam,2.01,Medium
SMP-2026-0533,30-03-2026 16:00,LOC-105,17.7,6.62,6.6,8.16,63,PVC,Microbead,1.42,Low
SMP-2026-0534,30-03-2026 20:00,LOC-103,8.5,7.19,44.78,11.85,844,PE,Film,2.71,Critical
SMP-2026-0535,31-03-2026 00:00,LOC-107,13,6.54,23.96,10.18,601,PA,Microbead,0.18,High
SMP-2026-0536,31-03-2026 04:00,LOC-102,16.2,7.58,17.94,8.27,326,PET,Microbead,1.44,Medium
SMP-2026-0537,31-03-2026 08:00,LOC-109,13.6,7.33,29.83,9.77,245,PS,Fiber,2.81,Medium
SMP-2026-0538,31-03-2026 12:00,LOC-110,10.7,7.5,5.35,10.81,83,PE,Film,1.85,Low
SMP-2026-0539,31-03-2026 16:00,LOC-110,22.6,7.48,28.83,6.92,666,PET,Film,1.95,High
SMP-2026-0540,31-03-2026 20:00,LOC-101,24.3,7.9,22.67,7.32,241,PET,Microbead,0.39,Medium
SMP-2026-0541,01-04-2026 00:00,LOC-106,13.1,7.67,18.6,10.7,336,PE,Foam,0.51,Medium
SMP-2026-0542,01-04-2026 04:00,LOC-107,23.5,7.82,42.91,6.76,581,PVC,Fiber,2.39,High
SMP-2026-0543,01-04-2026 08:00,LOC-108,15.7,6.87,23.75,9.04,246,PET,Microbead,2.38,Medium
SMP-2026-0544,01-04-2026 12:00,LOC-110,18.1,8,10.25,8.5,234,PVC,Fragment,3.43,Medium
SMP-2026-0545,01-04-2026 16:00,LOC-109,25.1,7.04,20.92,6.37,432,PE,Fragment,2.51,High
SMP-2026-0546,01-04-2026 20:00,LOC-102,23,7.07,41.41,6.8,773,PVC,Fiber,1.75,Critical
SMP-2026-0547,02-04-2026 00:00,LOC-110,24.1,7.54,8.34,4.92,98,PP,Foam,3.01,Low
SMP-2026-0548,02-04-2026 04:00,LOC-102,10.7,7.55,10.02,11.67,92,PS,Microbead,0.41,Low
SMP-2026-0549,02-04-2026 08:00,LOC-105,9.4,6.86,1.08,11.18,39,PET,Film,1.6,Low
SMP-2026-0550,02-04-2026 12:00,LOC-105,25.9,7.31,1.13,6.14,47,PA,Fiber,1.04,Low
SMP-2026-0551,02-04-2026 16:00,LOC-106,15.8,8.14,37.41,9.42,338,PS,Foam,0.41,Medium
SMP-2026-0552,02-04-2026 20:00,LOC-103,13.8,6.67,33.08,9.82,218,PVC,Film,2.68,Medium
SMP-2026-0553,03-04-2026 00:00,LOC-108,22.5,8.14,16.3,7.03,130,PET,Fragment,1.81,Medium
SMP-2026-0554,03-04-2026 04:00,LOC-101,24.7,7.28,31.57,6.09,810,PVC,Fragment,1.97,Critical
SMP-2026-0555,03-04-2026 08:00,LOC-106,25.2,6.23,18.09,5.52,395,PP,Film,1.47,High
SMP-2026-0556,03-04-2026 12:00,LOC-104,14.3,6.72,42.9,9.03,1026,PE,Fiber,1.64,Critical
SMP-2026-0557,03-04-2026 16:00,LOC-101,25,6.92,43.53,5.94,412,PET,Fragment,0.45,High
SMP-2026-0558,03-04-2026 20:00,LOC-107,8.8,7.09,17.98,11.69,450,PP,Microbead,2.37,High
SMP-2026-0559,04-04-2026 00:00,LOC-109,9,7.35,38.51,11.66,321,PP,Film,1.54,Medium
SMP-2026-0560,04-04-2026 04:00,LOC-104,20.5,6.05,34.9,7.41,550,PET,Film,2.87,High
SMP-2026-0561,04-04-2026 08:00,LOC-104,9.3,7.49,14.29,9.88,324,PVC,Fragment,0.73,Medium
SMP-2026-0562,04-04-2026 12:00,LOC-106,14.5,6.87,10.83,9.65,158,PA,Fiber,0.76,Medium
SMP-2026-0563,04-04-2026 16:00,LOC-103,21.5,8.1,20.89,7.34,298,PP,Microbead,2.28,Medium
SMP-2026-0564,04-04-2026 20:00,LOC-106,14.7,7.26,35.27,9.37,291,PS,Fiber,2.97,Medium
SMP-2026-0565,05-04-2026 00:00,LOC-107,11.6,7.87,43.23,11,344,PP,Foam,1.68,Medium
SMP-2026-0566,05-04-2026 04:00,LOC-110,13.6,7.96,34.48,9.99,617,PA,Foam,2.56,High
SMP-2026-0567,05-04-2026 08:00,LOC-110,17.2,7.94,38.56,8.35,730,PVC,Fragment,3.5,Critical
SMP-2026-0568,05-04-2026 12:00,LOC-103,17.5,7.12,27.34,8.15,584,PVC,Fragment,3.47,High
SMP-2026-0569,05-04-2026 16:00,LOC-107,23.7,7.11,37.68,6.76,626,PS,Fragment,2.62,High
SMP-2026-0570,05-04-2026 20:00,LOC-103,23,7.29,35.41,6.65,659,PP,Foam,2.6,High
SMP-2026-0571,06-04-2026 00:00,LOC-102,17.1,7.72,17.28,8.83,111,PVC,Fiber,0.9,Medium
SMP-2026-0572,06-04-2026 04:00,LOC-110,24.9,7.14,25.06,7.04,226,PA,Fiber,2.93,Medium
SMP-2026-0573,06-04-2026 08:00,LOC-104,10.3,7.34,36.31,10.22,911,PET,Fragment,1.45,Critical
SMP-2026-0574,06-04-2026 12:00,LOC-108,13.1,7.54,2.55,10.11,41,PE,Microbead,3.37,Low
SMP-2026-0575,06-04-2026 16:00,LOC-109,24.6,6.95,36.46,7.08,692,PE,Fiber,0.33,High
SMP-2026-0576,06-04-2026 20:00,LOC-107,15.6,6.92,8.42,9.28,90,PE,Foam,1.55,Low
SMP-2026-0577,07-04-2026 00:00,LOC-101,27.6,7.32,23.4,6.08,471,PP,Film,1.97,High
SMP-2026-0578,07-04-2026 04:00,LOC-103,17.3,7.39,36.47,8.67,722,PS,Film,1.45,Critical
SMP-2026-0579,07-04-2026 08:00,LOC-109,23.8,7.62,11.8,6.95,128,PVC,Film,0.78,Medium
SMP-2026-0580,07-04-2026 12:00,LOC-101,16,7.74,11.44,9.42,138,PET,Microbead,2.1,Medium
SMP-2026-0581,07-04-2026 16:00,LOC-109,16.5,6.85,18.42,8.76,350,PA,Fragment,2.66,High
SMP-2026-0582,07-04-2026 20:00,LOC-108,15.7,6.99,40.31,10.29,541,PET,Foam,2.27,High
SMP-2026-0583,08-04-2026 00:00,LOC-101,22.4,6.91,0.52,7.57,21,PA,Microbead,0.86,Low
SMP-2026-0584,08-04-2026 04:00,LOC-106,19,8.11,40.61,8.95,821,PP,Foam,2.57,Critical
SMP-2026-0585,08-04-2026 08:00,LOC-105,26.9,7.34,7.34,6.47,75,PE,Foam,0.94,Low
SMP-2026-0586,08-04-2026 12:00,LOC-106,13,7.41,44.56,10.26,1004,PP,Fragment,0.65,Critical
SMP-2026-0587,08-04-2026 16:00,LOC-110,10,7.43,42.99,11.69,672,PS,Film,2.43,High
SMP-2026-0588,08-04-2026 20:00,LOC-105,15.9,7.04,22.51,9.32,184,PS,Fragment,2.96,Medium
SMP-2026-0589,09-04-2026 00:00,LOC-106,20.3,8.18,23.32,7.55,471,PA,Microbead,1.71,High
SMP-2026-0590,09-04-2026 04:00,LOC-105,25.2,7.61,21.93,6.45,353,PVC,Microbead,1.88,High
SMP-2026-0591,09-04-2026 08:00,LOC-105,14.9,7.42,28.78,9.03,339,PVC,Microbead,1.09,Medium
SMP-2026-0592,09-04-2026 12:00,LOC-104,21.1,6.85,4.54,6.62,88,PA,Fragment,1.76,Low
SMP-2026-0593,09-04-2026 16:00,LOC-103,15,6.82,1.95,9.07,43,PS,Foam,0.51,Low
SMP-2026-0594,09-04-2026 20:00,LOC-103,20.3,7.25,3.07,7.95,50,PS,Foam,3.35,Low
SMP-2026-0595,10-04-2026 00:00,LOC-104,25.7,7.05,20.27,6.82,187,PS,Fiber,2.81,Medium
SMP-2026-0596,10-04-2026 04:00,LOC-109,12.6,6.87,12.76,9.79,175,PP,Microbead,2.35,Medium
SMP-2026-0597,10-04-2026 08:00,LOC-102,16.1,7.21,28.18,9.68,304,PS,Foam,1.91,Medium
SMP-2026-0598,10-04-2026 12:00,LOC-109,27.9,7.29,44.66,5.02,854,PET,Fiber,2.78,Critical
SMP-2026-0599,10-04-2026 16:00,LOC-101,25.4,7.47,17.69,5.92,347,PE,Foam,1.76,Medium
SMP-2026-0600,10-04-2026 20:00,LOC-101,19.3,7.15,26.04,8.93,402,PS,Microbead,1.08,High
SMP-2026-0601,11-04-2026 00:00,LOC-105,18.3,6.9,18.99,8.53,415,PA,Film,0.6,High
SMP-2026-0602,11-04-2026 04:00,LOC-106,13.7,6.91,38.2,9.8,860,PE,Microbead,2.28,Critical
SMP-2026-0603,11-04-2026 08:00,LOC-106,18.3,8.01,40.65,8.63,692,PP,Fragment,3.26,High
SMP-2026-0604,11-04-2026 12:00,LOC-103,25,6.77,39.54,5.9,710,PA,Foam,0.58,Critical
SMP-2026-0605,11-04-2026 16:00,LOC-107,21.7,7.58,43.86,7.32,494,PE,Foam,0.67,High
SMP-2026-0606,11-04-2026 20:00,LOC-109,13.8,7.66,1.72,9.86,59,PA,Fragment,1.55,Low
SMP-2026-0607,12-04-2026 00:00,LOC-110,12,7.34,37.87,11.02,238,PP,Fragment,2.83,Medium
SMP-2026-0608,12-04-2026 04:00,LOC-108,13.3,8.28,33.95,9.17,422,PET,Film,1.06,High
SMP-2026-0609,12-04-2026 08:00,LOC-106,11.4,7.65,10.68,11.46,227,PP,Foam,0.93,Medium
SMP-2026-0610,12-04-2026 12:00,LOC-108,9.9,8.32,43.06,10.97,302,PP,Foam,2.19,Medium
SMP-2026-0611,12-04-2026 16:00,LOC-105,16.4,7.07,7.09,8.52,88,PA,Film,1.9,Low
SMP-2026-0612,12-04-2026 20:00,LOC-108,10.3,7.08,30.74,10.26,530,PVC,Fiber,0.26,High
SMP-2026-0613,13-04-2026 00:00,LOC-110,11.4,7.66,10.51,10.72,193,PS,Film,0.33,Medium
SMP-2026-0614,13-04-2026 04:00,LOC-104,18.9,7.27,19.7,7.66,411,PS,Microbead,2.27,High
SMP-2026-0615,13-04-2026 08:00,LOC-110,11.3,8.24,32.5,10.33,709,PET,Foam,1.65,Critical
SMP-2026-0616,13-04-2026 12:00,LOC-108,9.3,7.57,25.57,11.09,220,PET,Fragment,3.4,Medium
SMP-2026-0617,13-04-2026 16:00,LOC-110,14.3,6.88,19.52,10.28,123,PS,Microbead,2.39,Medium
SMP-2026-0618,13-04-2026 20:00,LOC-102,12.4,6.53,15.02,10.79,303,PVC,Foam,0.08,Medium
SMP-2026-0619,14-04-2026 00:00,LOC-105,18.3,7.36,37.86,8.19,436,PS,Film,1.71,High
SMP-2026-0620,14-04-2026 04:00,LOC-109,10,7.36,6.9,10.89,140,PVC,Microbead,1.48,Medium
SMP-2026-0621,14-04-2026 08:00,LOC-104,23,7.56,19.64,6.3,173,PET,Foam,0.42,Medium
SMP-2026-0622,14-04-2026 12:00,LOC-106,26.1,8.01,40.72,5.15,603,PE,Fiber,3.24,High
SMP-2026-0623,14-04-2026 16:00,LOC-101,22.9,7.94,38.14,6.52,595,PA,Fiber,2.83,High
SMP-2026-0624,14-04-2026 20:00,LOC-109,18.7,7.11,18.34,8.95,321,PET,Fragment,0.84,Medium
SMP-2026-0625,15-04-2026 00:00,LOC-101,25.2,6.75,34.46,6.83,541,PET,Foam,0.93,High
SMP-2026-0626,15-04-2026 04:00,LOC-105,21.9,6.78,37.13,7.62,575,PP,Fiber,0.16,High
SMP-2026-0627,15-04-2026 08:00,LOC-104,8.2,7.03,40.06,10.81,477,PP,Film,1.07,High
SMP-2026-0628,15-04-2026 12:00,LOC-103,15.9,7.22,24.73,8.87,183,PP,Foam,2.07,Medium
SMP-2026-0629,15-04-2026 16:00,LOC-106,25,7.55,9.6,6.07,81,PA,Film,1.5,Low
SMP-2026-0630,15-04-2026 20:00,LOC-102,14.9,7,11.86,9.45,181,PP,Film,3.39,Medium
SMP-2026-0631,16-04-2026 00:00,LOC-103,8.7,7.54,13.66,11.28,191,PVC,Fiber,0.24,Medium
SMP-2026-0632,16-04-2026 04:00,LOC-105,22.9,7.58,26.92,6.63,437,PS,Foam,2.09,High
SMP-2026-0633,16-04-2026 08:00,LOC-109,24,7.47,1.96,6.97,43,PE,Microbead,3.01,Low
SMP-2026-0634,16-04-2026 12:00,LOC-102,11.2,6.84,28.8,10.75,568,PET,Fiber,1.71,High
SMP-2026-0635,16-04-2026 16:00,LOC-110,18.7,7.63,16.71,8.03,393,PVC,Fiber,0.06,High
SMP-2026-0636,16-04-2026 20:00,LOC-108,11.8,8.44,13.64,10.61,172,PE,Foam,0.89,Medium
SMP-2026-0637,17-04-2026 00:00,LOC-102,22.4,7.52,39.64,7.84,363,PVC,Foam,1.17,High
SMP-2026-0638,17-04-2026 04:00,LOC-105,13.4,5.92,20.97,10.69,177,PVC,Film,3.38,Medium
SMP-2026-0639,17-04-2026 08:00,LOC-107,14.3,8.02,4.73,9.96,104,PET,Foam,3.2,Medium
SMP-2026-0640,17-04-2026 12:00,LOC-108,24.9,7.05,37.29,6.76,541,PS,Film,3.32,High
SMP-2026-0641,17-04-2026 16:00,LOC-101,17.5,8.53,2.62,8.63,37,PP,Fiber,2.9,Low
SMP-2026-0642,17-04-2026 20:00,LOC-106,21.4,7.46,32.84,8.09,612,PA,Fragment,1.26,High
SMP-2026-0643,18-04-2026 00:00,LOC-101,16,6.56,34.94,8.66,303,PS,Microbead,3.18,Medium
SMP-2026-0644,18-04-2026 04:00,LOC-102,14,6.37,16.19,10.26,277,PA,Fiber,3.44,Medium
SMP-2026-0645,18-04-2026 08:00,LOC-101,20.5,8.17,37.2,7.71,591,PET,Foam,1.26,High
SMP-2026-0646,18-04-2026 12:00,LOC-105,11.1,7.95,23.45,11.42,475,PET,Microbead,0.95,High
SMP-2026-0647,18-04-2026 16:00,LOC-110,15.5,8.51,21.12,9.64,139,PET,Fragment,1.94,Medium
SMP-2026-0648,18-04-2026 20:00,LOC-109,12.2,7.41,2.52,10.31,74,PE,Fragment,0.7,Low
SMP-2026-0649,19-04-2026 00:00,LOC-106,21.9,7.37,13.41,7.31,278,PA,Film,0.16,Medium
SMP-2026-0650,19-04-2026 04:00,LOC-101,26.9,7.21,41.93,6.19,412,PS,Microbead,3.31,High
SMP-2026-0651,19-04-2026 08:00,LOC-101,27.9,7.07,17.94,5.87,176,PS,Film,3.24,Medium
SMP-2026-0652,19-04-2026 12:00,LOC-102,17,7.2,24.83,8.7,355,PVC,Fiber,0.61,High
SMP-2026-0653,19-04-2026 16:00,LOC-109,13.1,7.51,24.17,10.12,534,PVC,Microbead,1.46,High
SMP-2026-0654,19-04-2026 20:00,LOC-103,16.9,6.98,26.77,9.38,606,PVC,Fiber,2.92,High
SMP-2026-0655,20-04-2026 00:00,LOC-101,24.9,6.57,3.23,5.85,65,PET,Film,2.33,Low
SMP-2026-0656,20-04-2026 04:00,LOC-105,12.1,7.48,16.62,10.73,388,PS,Microbead,1.41,High
SMP-2026-0657,20-04-2026 08:00,LOC-107,27,6.97,32.68,6.16,190,PA,Film,2.62,Medium
SMP-2026-0658,20-04-2026 12:00,LOC-106,14.8,5.78,9.42,10.15,88,PET,Microbead,3.14,Low
SMP-2026-0659,20-04-2026 16:00,LOC-101,27.7,7.68,9.56,5.33,243,PE,Film,3.25,Medium
SMP-2026-0660,20-04-2026 20:00,LOC-105,24.8,6.85,0.95,6.56,33,PVC,Fragment,1.36,Low
SMP-2026-0661,21-04-2026 00:00,LOC-105,24.2,7.73,19.97,6.84,297,PET,Film,0.65,Medium
SMP-2026-0662,21-04-2026 04:00,LOC-106,14.4,7.72,39.78,10.05,817,PET,Fragment,3.2,Critical
SMP-2026-0663,21-04-2026 08:00,LOC-103,8.2,7.54,2.81,11.75,90,PE,Film,0.37,Low
SMP-2026-0664,21-04-2026 12:00,LOC-105,15.6,8.65,9,8.7,196,PP,Microbead,2.54,Medium
SMP-2026-0665,21-04-2026 16:00,LOC-107,14,7.33,14.3,9.95,331,PS,Microbead,0.53,Medium
SMP-2026-0666,21-04-2026 20:00,LOC-105,8.7,7.26,33.06,12.39,687,PA,Microbead,1.39,High
SMP-2026-0667,22-04-2026 00:00,LOC-105,18.1,7.74,29.01,8.88,266,PP,Foam,1.47,Medium
SMP-2026-0668,22-04-2026 04:00,LOC-105,16.1,7.37,19.01,9.99,429,PVC,Fiber,0.6,High
SMP-2026-0669,22-04-2026 08:00,LOC-110,20.7,7.98,34.28,8.31,322,PET,Microbead,3.23,Medium
SMP-2026-0670,22-04-2026 12:00,LOC-110,20.4,6.77,27.63,8.56,645,PE,Fragment,0.06,High
SMP-2026-0671,22-04-2026 16:00,LOC-103,10.4,6.77,40.37,11.03,589,PE,Microbead,3.13,High
SMP-2026-0672,22-04-2026 20:00,LOC-101,27.5,7.78,36.9,6.01,706,PS,Foam,3.1,Critical
SMP-2026-0673,23-04-2026 00:00,LOC-105,11.7,6.82,11.75,10.62,188,PP,Fragment,1.14,Medium
SMP-2026-0674,23-04-2026 04:00,LOC-109,16.9,7.7,12.58,8.93,110,PS,Foam,2.48,Medium
SMP-2026-0675,23-04-2026 08:00,LOC-101,17.8,7.59,6.08,9.03,81,PET,Fragment,0.92,Low
SMP-2026-0676,23-04-2026 12:00,LOC-103,24.3,7.05,15.49,6.45,406,PS,Film,2.67,High
SMP-2026-0677,23-04-2026 16:00,LOC-104,10,7.58,44.98,11.94,1101,PA,Fiber,1.99,Critical
SMP-2026-0678,23-04-2026 20:00,LOC-101,16.6,6.78,18.56,8.56,231,PE,Fiber,1.09,Medium
SMP-2026-0679,24-04-2026 00:00,LOC-101,20.6,6.9,10.31,8.23,279,PE,Foam,1.43,Medium
SMP-2026-0680,24-04-2026 04:00,LOC-108,12.3,7.28,34.43,11,777,PVC,Fiber,2.43,Critical
SMP-2026-0681,24-04-2026 08:00,LOC-102,20.5,7.44,24.64,7.76,449,PVC,Foam,3.18,High
SMP-2026-0682,24-04-2026 12:00,LOC-108,26.5,7.25,7.16,5.49,63,PET,Foam,0.5,Low
SMP-2026-0683,24-04-2026 16:00,LOC-107,28,7.62,17.44,6.18,414,PA,Foam,2.02,High
SMP-2026-0684,24-04-2026 20:00,LOC-110,8.6,7.59,18.94,11.52,327,PP,Fiber,0.93,Medium
SMP-2026-0685,25-04-2026 00:00,LOC-110,12.7,8.16,34.05,10.6,777,PS,Foam,2.81,Critical
SMP-2026-0686,25-04-2026 04:00,LOC-102,14.2,7.35,1.42,9.69,45,PET,Fiber,0.29,Low
SMP-2026-0687,25-04-2026 08:00,LOC-106,16,8,12.47,10.07,295,PVC,Foam,2.43,Medium
SMP-2026-0688,25-04-2026 12:00,LOC-106,12.8,7.86,23.53,9.1,462,PS,Microbead,0.65,High
SMP-2026-0689,25-04-2026 16:00,LOC-103,12.1,8.55,12.46,10.56,152,PVC,Foam,2.11,Medium
SMP-2026-0690,25-04-2026 20:00,LOC-102,27.1,7.34,28.47,6.54,350,PS,Fragment,2.93,High
SMP-2026-0691,26-04-2026 00:00,LOC-101,26.4,7.19,21.94,6.13,262,PP,Foam,2.66,Medium
SMP-2026-0692,26-04-2026 04:00,LOC-106,8.9,8.03,16.6,11.48,105,PET,Film,2.65,Medium
SMP-2026-0693,26-04-2026 08:00,LOC-105,14.8,7.59,42.74,9.34,727,PS,Foam,1.84,Critical
SMP-2026-0694,26-04-2026 12:00,LOC-109,16.1,8.04,28.63,9.18,559,PA,Fragment,3.12,High
SMP-2026-0695,26-04-2026 16:00,LOC-101,12.8,7.76,6.28,9.32,160,PE,Fragment,2.08,Medium
SMP-2026-0696,26-04-2026 20:00,LOC-107,20.6,6.35,25.42,7.46,219,PA,Fiber,3.22,Medium
SMP-2026-0697,27-04-2026 00:00,LOC-105,20.8,7.59,35.24,7.37,572,PA,Microbead,1.94,High
SMP-2026-0698,27-04-2026 04:00,LOC-105,25,7.56,32.03,6.83,182,PE,Foam,1.8,Medium
SMP-2026-0699,27-04-2026 08:00,LOC-102,22.8,7.47,8.16,6.87,71,PA,Fiber,0.82,Low
SMP-2026-0700,27-04-2026 12:00,LOC-103,18.9,7.33,43.77,8.06,284,PS,Microbead,1.93,Medium
SMP-2026-0701,27-04-2026 16:00,LOC-107,21.1,6.6,20.47,7.48,418,PS,Foam,0.54,High
SMP-2026-0702,27-04-2026 20:00,LOC-106,13.5,7.84,7.58,9.58,63,PS,Film,3.05,Low
SMP-2026-0703,28-04-2026 00:00,LOC-102,19.9,7.59,8.52,8.16,183,PE,Foam,2.38,Medium
SMP-2026-0704,28-04-2026 04:00,LOC-106,17.8,7.95,4.87,8.85,77,PA,Fragment,3.48,Low
SMP-2026-0705,28-04-2026 08:00,LOC-102,10.7,6.63,36.26,11.2,840,PE,Fragment,0.37,Critical
SMP-2026-0706,28-04-2026 12:00,LOC-102,12.9,7.65,5.93,10.46,146,PS,Film,0.88,Medium
SMP-2026-0707,28-04-2026 16:00,LOC-102,13.8,7.28,6.07,10.14,168,PA,Fiber,3.08,Medium
SMP-2026-0708,28-04-2026 20:00,LOC-103,26.5,7.47,38.35,5.89,892,PA,Microbead,1.41,Critical
SMP-2026-0709,29-04-2026 00:00,LOC-102,12.6,7.29,15.83,10.02,400,PVC,Foam,1.66,High
SMP-2026-0710,29-04-2026 04:00,LOC-104,13.8,7.67,1.87,9.42,59,PVC,Fragment,3.02,Low
SMP-2026-0711,29-04-2026 08:00,LOC-109,15.4,7.32,2.81,8.94,68,PP,Fiber,1.85,Low
SMP-2026-0712,29-04-2026 12:00,LOC-106,21.3,6.87,6.83,7.71,80,PET,Film,0.72,Low
SMP-2026-0713,29-04-2026 16:00,LOC-101,10.4,7.44,10,10.52,127,PVC,Fragment,3.13,Medium
SMP-2026-0714,29-04-2026 20:00,LOC-108,27.1,7.29,30.1,6.6,295,PE,Film,0.16,Medium
SMP-2026-0715,30-04-2026 00:00,LOC-107,25.3,7.36,7.5,6.39,158,PVC,Foam,3.14,Medium
SMP-2026-0716,30-04-2026 04:00,LOC-110,19.5,5.81,5.79,8.9,105,PP,Microbead,0.22,Medium
SMP-2026-0717,30-04-2026 08:00,LOC-103,21.5,7.74,34.53,7.84,786,PA,Fragment,2.35,Critical
SMP-2026-0718,30-04-2026 12:00,LOC-101,8.3,7.24,30.36,11.12,742,PP,Fragment,0.3,Critical
SMP-2026-0719,30-04-2026 16:00,LOC-105,14.8,6.73,19.87,9.53,279,PA,Foam,2.49,Medium
SMP-2026-0720,30-04-2026 20:00,LOC-104,23.9,7.86,24.94,5.99,399,PA,Fiber,0.17,High
SMP-2026-0721,01-05-2026 00:00,LOC-110,9.5,7.72,14.38,11.25,367,PET,Microbead,2.96,High
SMP-2026-0722,01-05-2026 04:00,LOC-108,13.6,7.24,21.97,9.58,254,PVC,Fragment,1.66,Medium
SMP-2026-0723,01-05-2026 08:00,LOC-101,19.7,6.82,23.05,7.53,507,PE,Microbead,0.37,High
SMP-2026-0724,01-05-2026 12:00,LOC-110,13.1,7.49,17.73,10.83,180,PE,Fragment,2.49,Medium
SMP-2026-0725,01-05-2026 16:00,LOC-101,26.7,7.46,40.84,6.51,788,PS,Microbead,1.74,Critical
SMP-2026-0726,01-05-2026 20:00,LOC-104,10.6,7.86,1.21,11.32,36,PA,Film,0.71,Low
SMP-2026-0727,02-05-2026 00:00,LOC-108,23.9,7.18,35.31,7.22,821,PE,Fragment,0.1,Critical
SMP-2026-0728,02-05-2026 04:00,LOC-105,18.2,8,6.04,7.92,123,PET,Microbead,1.49,Medium
SMP-2026-0729,02-05-2026 08:00,LOC-102,23,7.13,35.99,6.9,330,PA,Fiber,0.35,Medium
SMP-2026-0730,02-05-2026 12:00,LOC-106,14.2,6.73,27.91,9.57,291,PET,Film,0.37,Medium
SMP-2026-0731,02-05-2026 16:00,LOC-105,18.3,6.83,38.03,7.66,585,PE,Film,0.97,High
SMP-2026-0732,02-05-2026 20:00,LOC-102,25.1,7.37,4.84,6.19,140,PE,Fiber,2.23,Medium
SMP-2026-0733,03-05-2026 00:00,LOC-103,17.3,7.37,25.37,8.54,536,PS,Microbead,1.88,High
SMP-2026-0734,03-05-2026 04:00,LOC-109,15.2,7.56,22.8,9.5,357,PE,Foam,0.29,High
SMP-2026-0735,03-05-2026 08:00,LOC-107,18.7,7.35,31.93,9.66,393,PA,Fiber,3.39,High
SMP-2026-0736,03-05-2026 12:00,LOC-107,22.3,7.89,24.28,7.3,412,PA,Microbead,3.11,High
SMP-2026-0737,03-05-2026 16:00,LOC-106,16.9,7.27,24.56,8.99,513,PA,Fiber,0.94,High
SMP-2026-0738,03-05-2026 20:00,LOC-108,26.8,6.4,19.62,5.83,433,PS,Fiber,0.47,High
SMP-2026-0739,04-05-2026 00:00,LOC-104,13.9,7.34,14.24,10.2,185,PS,Fragment,3.3,Medium
SMP-2026-0740,04-05-2026 04:00,LOC-108,17.5,6.4,21.96,8.21,451,PE,Microbead,1.64,High
SMP-2026-0741,04-05-2026 08:00,LOC-104,23.1,7.54,5.77,8.02,127,PP,Foam,1.12,Medium
SMP-2026-0742,04-05-2026 12:00,LOC-108,21.8,7.93,43.29,7.4,1067,PP,Fragment,1.74,Critical
SMP-2026-0743,04-05-2026 16:00,LOC-109,25.3,6.91,32.29,6.21,782,PS,Fiber,2.72,Critical
SMP-2026-0744,04-05-2026 20:00,LOC-103,27.9,8.11,42.88,6.12,911,PE,Fiber,0.63,Critical
SMP-2026-0745,05-05-2026 00:00,LOC-103,16.5,7.82,10.59,8.6,236,PP,Fiber,2.7,Medium
SMP-2026-0746,05-05-2026 04:00,LOC-102,10.2,8,39.63,11.3,433,PE,Microbead,2.64,High
SMP-2026-0747,05-05-2026 08:00,LOC-110,8.6,7.49,36.49,12.12,817,PE,Microbead,1.91,Critical
SMP-2026-0748,05-05-2026 12:00,LOC-103,22.5,6.9,30.63,7.13,441,PE,Fragment,3.04,High
SMP-2026-0749,05-05-2026 16:00,LOC-103,25.5,7.79,28.31,7.38,317,PVC,Foam,0.51,Medium
SMP-2026-0750,05-05-2026 20:00,LOC-105,12.4,7.09,14.59,10.6,196,PA,Fragment,2.1,Medium
SMP-2026-0751,06-05-2026 00:00,LOC-105,11.2,7.46,36.83,10.97,821,PE,Film,1.6,Critical
SMP-2026-0752,06-05-2026 04:00,LOC-102,9.2,7.31,22.82,11.92,203,PVC,Fiber,1.51,Medium
SMP-2026-0753,06-05-2026 08:00,LOC-110,24.5,7.96,3.65,7.47,74,PS,Fiber,0.92,Low
SMP-2026-0754,06-05-2026 12:00,LOC-106,14.2,7.77,14.42,9.87,233,PP,Fiber,1.33,Medium
SMP-2026-0755,06-05-2026 16:00,LOC-105,16,7.36,42.12,9.6,255,PA,Fragment,0.42,Medium
SMP-2026-0756,06-05-2026 20:00,LOC-106,18.1,6.42,38.36,9.27,363,PP,Fragment,0.92,High
SMP-2026-0757,07-05-2026 00:00,LOC-101,24.8,7.08,44.19,5.98,970,PA,Fiber,0.99,Critical
SMP-2026-0758,07-05-2026 04:00,LOC-105,21,7.75,28.45,6.84,634,PP,Fragment,2.54,High
SMP-2026-0759,07-05-2026 08:00,LOC-109,20.3,7.54,11.51,7.88,141,PA,Microbead,0.22,Medium
SMP-2026-0760,07-05-2026 12:00,LOC-110,11.5,6.65,7.75,9.67,191,PP,Microbead,2.3,Medium
SMP-2026-0761,07-05-2026 16:00,LOC-102,18.3,6.5,8.82,8.35,202,PP,Fragment,0.81,Medium
SMP-2026-0762,07-05-2026 20:00,LOC-101,22.3,7.5,1.38,7.47,42,PP,Fiber,0.33,Low
SMP-2026-0763,08-05-2026 00:00,LOC-110,27.5,6.87,17.89,5.61,384,PP,Fragment,1.09,High
SMP-2026-0764,08-05-2026 04:00,LOC-109,12,6.92,9.02,10.33,232,PS,Fragment,0.82,Medium
SMP-2026-0765,08-05-2026 08:00,LOC-110,8.2,7.74,18.82,11.04,283,PE,Fragment,1.95,Medium
SMP-2026-0766,08-05-2026 12:00,LOC-109,9.5,8,42.11,11.54,431,PET,Film,1.28,High
SMP-2026-0767,08-05-2026 16:00,LOC-109,15.5,7.02,19.66,8.82,496,PVC,Microbead,3.38,High
SMP-2026-0768,08-05-2026 20:00,LOC-106,24.4,7.38,39.57,5.63,702,PET,Foam,3.37,Critical
SMP-2026-0769,09-05-2026 00:00,LOC-108,8.1,7.36,27.44,11.47,209,PET,Foam,1.58,Medium
SMP-2026-0770,09-05-2026 04:00,LOC-101,17.1,7.32,11.5,9.33,211,PA,Film,2.79,Medium
SMP-2026-0771,09-05-2026 08:00,LOC-110,14.6,7.42,16.34,9.66,259,PE,Fragment,0.1,Medium
SMP-2026-0772,09-05-2026 12:00,LOC-104,9,7.78,4.23,10.72,106,PA,Film,1.94,Medium
SMP-2026-0773,09-05-2026 16:00,LOC-101,17,7.06,15.34,8.95,264,PE,Film,2.61,Medium
SMP-2026-0774,09-05-2026 20:00,LOC-108,13.1,6.64,30.65,10.29,330,PE,Fiber,0.8,Medium
SMP-2026-0775,10-05-2026 00:00,LOC-101,15,8.25,3.71,9.55,86,PP,Microbead,0.26,Low
SMP-2026-0776,10-05-2026 04:00,LOC-103,22.1,7.94,9.64,7.24,171,PS,Foam,0.59,Medium
SMP-2026-0777,10-05-2026 08:00,LOC-104,18.4,6.85,17.47,8.72,190,PP,Fragment,1.57,Medium
SMP-2026-0778,10-05-2026 12:00,LOC-108,10.5,7.47,44.2,9.98,747,PS,Foam,1.8,Critical
SMP-2026-0779,10-05-2026 16:00,LOC-106,27.2,7.91,35.43,5.39,784,PA,Foam,1.36,Critical
SMP-2026-0780,10-05-2026 20:00,LOC-110,20.7,7.77,33.14,7.14,210,PS,Microbead,1.57,Medium
SMP-2026-0781,11-05-2026 00:00,LOC-107,23.3,7.63,5.67,7.68,123,PA,Foam,1.67,Medium
SMP-2026-0782,11-05-2026 04:00,LOC-108,9.6,7.31,35.25,11.48,445,PET,Foam,2.7,High
SMP-2026-0783,11-05-2026 08:00,LOC-102,8.9,8.26,35.44,11.42,409,PET,Film,0.41,High
SMP-2026-0784,11-05-2026 12:00,LOC-110,8.4,7.51,27.25,10.75,369,PS,Microbead,2.7,High
SMP-2026-0785,11-05-2026 16:00,LOC-108,11.8,7.14,44.57,10.83,553,PS,Fiber,2.43,High
SMP-2026-0786,11-05-2026 20:00,LOC-103,16.3,7.84,14.97,9.8,342,PA,Fragment,2.61,Medium
SMP-2026-0787,12-05-2026 00:00,LOC-107,26.7,7.45,42.39,6.28,470,PP,Foam,2.58,High
SMP-2026-0788,12-05-2026 04:00,LOC-103,17.1,7.57,41.21,8.85,828,PA,Fragment,1.67,Critical
SMP-2026-0789,12-05-2026 08:00,LOC-107,13.8,7.5,1.01,10.18,23,PP,Fiber,0.78,Low
SMP-2026-0790,12-05-2026 12:00,LOC-102,19.2,7.65,20.53,8.38,505,PET,Fragment,1.9,High
SMP-2026-0791,12-05-2026 16:00,LOC-110,10.2,6.91,43.98,11.4,796,PE,Fiber,3.36,Critical
SMP-2026-0792,12-05-2026 20:00,LOC-106,20.2,6.67,5.09,8.39,120,PS,Film,2.08,Medium
SMP-2026-0793,13-05-2026 00:00,LOC-103,19.4,8.12,24.88,8.07,296,PP,Foam,0.09,Medium
SMP-2026-0794,13-05-2026 04:00,LOC-103,23.8,7.52,44.06,6.53,608,PA,Fiber,0.26,High
SMP-2026-0795,13-05-2026 08:00,LOC-109,27.7,7.79,25.22,5.49,263,PET,Fragment,3.48,Medium
SMP-2026-0796,13-05-2026 12:00,LOC-107,13,6.52,8.95,10.37,232,PP,Foam,0.3,Medium
SMP-2026-0797,13-05-2026 16:00,LOC-105,18.2,7.93,26.41,8.37,407,PA,Film,0.21,High
SMP-2026-0798,13-05-2026 20:00,LOC-110,26.2,7.14,9.6,5.76,191,PS,Foam,1.27,Medium
SMP-2026-0799,14-05-2026 00:00,LOC-107,23.7,7,23.63,6.89,485,PS,Fiber,3.39,High
SMP-2026-0800,14-05-2026 04:00,LOC-109,17.7,7.37,3.79,9.24,57,PVC,Film,1.15,Low
SMP-2026-0801,14-05-2026 08:00,LOC-101,26.9,6.91,27.44,6,554,PE,Fragment,1.46,High
SMP-2026-0802,14-05-2026 12:00,LOC-107,9.1,7.4,23.5,11.13,442,PVC,Film,2.24,High
SMP-2026-0803,14-05-2026 16:00,LOC-106,26.6,7.33,33.44,6.18,660,PET,Film,0.13,High
SMP-2026-0804,14-05-2026 20:00,LOC-110,9,7.93,28.57,11.34,442,PP,Microbead,3.15,High
SMP-2026-0805,15-05-2026 00:00,LOC-109,18.9,8.16,24.96,7.36,334,PET,Film,1.84,Medium
SMP-2026-0806,15-05-2026 04:00,LOC-101,25.8,8.14,31.2,6.61,311,PA,Film,1.66,Medium
SMP-2026-0807,15-05-2026 08:00,LOC-104,13.3,6.27,6.91,10.21,165,PS,Foam,3.02,Medium
SMP-2026-0808,15-05-2026 12:00,LOC-109,17.4,6.93,26.99,8.79,480,PVC,Fragment,3.34,High
SMP-2026-0809,15-05-2026 16:00,LOC-104,14.5,6.26,8.16,10.18,134,PVC,Foam,1.51,Medium
SMP-2026-0810,15-05-2026 20:00,LOC-110,27,6.8,41.69,6.51,1012,PVC,Foam,0.64,Critical
SMP-2026-0811,16-05-2026 00:00,LOC-103,24.5,7.08,3.54,7.05,28,PET,Fiber,2.86,Low
SMP-2026-0812,16-05-2026 04:00,LOC-109,22.2,7.61,19.65,6.91,449,PS,Foam,1.44,High
SMP-2026-0813,16-05-2026 08:00,LOC-102,19.8,7.14,31.46,7.65,809,PP,Microbead,3.28,Critical
SMP-2026-0814,16-05-2026 12:00,LOC-104,24.4,7.15,20.88,7.24,495,PA,Microbead,3.33,High
SMP-2026-0815,16-05-2026 16:00,LOC-106,15.8,7.49,4.6,8.32,120,PP,Fiber,0.45,Medium
SMP-2026-0816,16-05-2026 20:00,LOC-102,17,6.55,25.13,8.83,340,PET,Fragment,3.35,Medium
SMP-2026-0817,17-05-2026 00:00,LOC-108,22.6,6.98,29.05,7.44,306,PA,Fragment,1.32,Medium
SMP-2026-0818,17-05-2026 04:00,LOC-108,15.2,7.15,31.82,8.56,646,PVC,Foam,2.28,High
SMP-2026-0819,17-05-2026 08:00,LOC-101,9.3,7.3,17.11,11.33,213,PE,Foam,0.17,Medium
SMP-2026-0820,17-05-2026 12:00,LOC-103,9.5,7.44,25.58,11.63,245,PET,Foam,3.12,Medium
SMP-2026-0821,17-05-2026 16:00,LOC-110,10.3,8.15,20.56,10.17,441,PET,Fragment,2.26,High
SMP-2026-0822,17-05-2026 20:00,LOC-109,25.4,7.85,30.41,7.21,360,PS,Film,2.27,High
SMP-2026-0823,18-05-2026 00:00,LOC-105,17.4,7.02,26.47,8.28,635,PP,Microbead,3.16,High
SMP-2026-0824,18-05-2026 04:00,LOC-106,22.3,7.27,23.9,7.6,543,PET,Film,1.8,High
SMP-2026-0825,18-05-2026 08:00,LOC-104,15.9,7.24,11.6,9.19,280,PET,Film,1.47,Medium
SMP-2026-0826,18-05-2026 12:00,LOC-110,13.2,7.14,0.59,10.07,34,PVC,Fragment,3.04,Low
SMP-2026-0827,18-05-2026 16:00,LOC-102,14.9,7.54,8.25,8.89,207,PVC,Film,2.61,Medium
SMP-2026-0828,18-05-2026 20:00,LOC-108,23.9,6.47,5.71,7.46,147,PA,Fiber,3.32,Medium
SMP-2026-0829,19-05-2026 00:00,LOC-106,20.5,7.84,20.48,8.01,367,PE,Foam,3.29,High
SMP-2026-0830,19-05-2026 04:00,LOC-105,26.8,8.25,27.75,6.77,322,PS,Fiber,1.37,Medium
SMP-2026-0831,19-05-2026 08:00,LOC-109,21.6,7.27,9.98,6.89,248,PE,Microbead,1.59,Medium
SMP-2026-0832,19-05-2026 12:00,LOC-101,19.4,7.26,42.29,8.09,944,PA,Foam,0.93,Critical
SMP-2026-0833,19-05-2026 16:00,LOC-105,20.2,7.48,0.8,8.04,36,PVC,Film,2.33,Low
SMP-2026-0834,19-05-2026 20:00,LOC-106,26.8,7.91,34.87,5.99,225,PP,Microbead,1.31,Medium
SMP-2026-0835,20-05-2026 00:00,LOC-105,23.8,7.24,28.32,7.19,518,PVC,Foam,2.76,High
SMP-2026-0836,20-05-2026 04:00,LOC-106,8.5,7.87,17.12,11.35,123,PS,Film,0.47,Medium
SMP-2026-0837,20-05-2026 08:00,LOC-106,18.7,7.64,2.75,9.45,89,PVC,Fiber,0.45,Low
SMP-2026-0838,20-05-2026 12:00,LOC-107,21.8,8.58,28.42,7.48,710,PS,Foam,0.76,Critical
SMP-2026-0839,20-05-2026 16:00,LOC-104,23,7.24,17.66,5.66,171,PS,Film,0.34,Medium
SMP-2026-0840,20-05-2026 20:00,LOC-108,12.3,6.41,42.16,10.35,799,PS,Fiber,2.19,Critical
SMP-2026-0841,21-05-2026 00:00,LOC-107,25.3,6.68,24.62,7.04,184,PA,Microbead,0.56,Medium
SMP-2026-0842,21-05-2026 04:00,LOC-109,27.1,7.41,42.31,5.41,845,PS,Microbead,0.6,Critical
SMP-2026-0843,21-05-2026 08:00,LOC-107,12.7,7.91,10.31,9.7,146,PS,Microbead,0.1,Medium
SMP-2026-0844,21-05-2026 12:00,LOC-103,25.7,7.07,32.79,5.87,627,PP,Microbead,2.75,High
SMP-2026-0845,21-05-2026 16:00,LOC-103,9.9,7.28,27.97,10.49,371,PE,Fragment,2.85,High
SMP-2026-0846,21-05-2026 20:00,LOC-108,9.1,7.74,33.4,11.03,284,PET,Foam,0.61,Medium
SMP-2026-0847,22-05-2026 00:00,LOC-105,10.6,6.92,10.05,11.27,160,PE,Foam,2.6,Medium
SMP-2026-0848,22-05-2026 04:00,LOC-104,9.2,7.09,30.09,12,240,PS,Fragment,1.55,Medium
SMP-2026-0849,22-05-2026 08:00,LOC-108,24.9,6.82,22.66,5.32,393,PP,Film,0.88,High
SMP-2026-0850,22-05-2026 12:00,LOC-106,9.2,7.99,33.56,11.05,209,PVC,Film,2.19,Medium
SMP-2026-0851,22-05-2026 16:00,LOC-102,13.4,8.17,15.05,10.13,254,PP,Microbead,0.67,Medium
SMP-2026-0852,22-05-2026 20:00,LOC-104,10.1,6.61,40.11,11.07,929,PS,Fiber,2.66,Critical
SMP-2026-0853,23-05-2026 00:00,LOC-104,13.9,7.33,4.25,10.78,110,PP,Film,0.21,Medium
SMP-2026-0854,23-05-2026 04:00,LOC-106,9.8,8.1,36.42,10.05,842,PP,Fiber,3.36,Critical
SMP-2026-0855,23-05-2026 08:00,LOC-106,21.4,7.6,38.83,6.29,932,PS,Foam,0.3,Critical
SMP-2026-0856,23-05-2026 12:00,LOC-101,10.7,7.16,36.87,11.82,282,PA,Fiber,2.05,Medium
SMP-2026-0857,23-05-2026 16:00,LOC-108,25,6.63,23.32,6.88,200,PP,Foam,3.16,Medium
SMP-2026-0858,23-05-2026 20:00,LOC-106,24.3,7.98,20.01,6.42,340,PET,Fragment,0.09,Medium
SMP-2026-0859,24-05-2026 00:00,LOC-103,8.3,7.58,44.83,11.6,1056,PET,Fragment,1.77,Critical
SMP-2026-0860,24-05-2026 04:00,LOC-109,25.9,6.66,10.7,6.35,286,PP,Microbead,1.26,Medium
SMP-2026-0861,24-05-2026 08:00,LOC-102,8.6,7.99,24.84,11.12,169,PA,Film,2.05,Medium
SMP-2026-0862,24-05-2026 12:00,LOC-108,12.8,6.6,30.35,10.23,380,PVC,Microbead,0.83,High
SMP-2026-0863,24-05-2026 16:00,LOC-110,8.6,7.29,31.69,11.6,312,PS,Foam,0.27,Medium
SMP-2026-0864,24-05-2026 20:00,LOC-103,14.7,7.27,9.58,10.6,220,PET,Microbead,2.21,Medium
SMP-2026-0865,25-05-2026 00:00,LOC-105,18.3,8.21,29.6,8.99,547,PVC,Fiber,1.49,High
SMP-2026-0866,25-05-2026 04:00,LOC-106,23.9,7.27,36.92,7.7,297,PP,Foam,2.2,Medium
SMP-2026-0867,25-05-2026 08:00,LOC-110,14.8,7.27,2.73,8.89,57,PVC,Fragment,0.78,Low
SMP-2026-0868,25-05-2026 12:00,LOC-106,22.1,6.72,41.06,7.2,792,PE,Film,1.22,Critical
SMP-2026-0869,25-05-2026 16:00,LOC-104,11.8,7.08,1.81,10.58,60,PET,Foam,1.99,Low
SMP-2026-0870,25-05-2026 20:00,LOC-103,23,6.99,16.34,6.14,103,PP,Foam,2.1,Medium
SMP-2026-0871,26-05-2026 00:00,LOC-104,12.7,7.02,1.2,10.78,45,PS,Fiber,1.33,Low
SMP-2026-0872,26-05-2026 04:00,LOC-101,10.9,7.4,3.93,11.05,87,PA,Film,1.02,Low
SMP-2026-0873,26-05-2026 08:00,LOC-104,11.7,6.18,41.05,10.31,892,PP,Fragment,0.99,Critical
SMP-2026-0874,26-05-2026 12:00,LOC-101,11.6,6.64,16.29,10.43,363,PS,Foam,0.65,High
SMP-2026-0875,26-05-2026 16:00,LOC-101,18.3,7.34,19.4,9.14,185,PA,Foam,1.17,Medium
SMP-2026-0876,26-05-2026 20:00,LOC-110,24.9,7.46,10.08,6.13,95,PA,Fiber,0.74,Low
SMP-2026-0877,27-05-2026 00:00,LOC-106,9.6,7.28,27.07,11.77,556,PP,Microbead,2.24,High
SMP-2026-0878,27-05-2026 04:00,LOC-105,22.1,7.38,26.97,7.24,235,PVC,Fragment,2.01,Medium
SMP-2026-0879,27-05-2026 08:00,LOC-104,21.1,7.2,17.06,8.05,397,PVC,Film,1.37,High
SMP-2026-0880,27-05-2026 12:00,LOC-103,25.5,7.39,15.32,6.39,311,PA,Foam,1.17,Medium
SMP-2026-0881,27-05-2026 16:00,LOC-101,12.9,7.62,39.88,11.25,901,PVC,Foam,0.87,Critical
SMP-2026-0882,27-05-2026 20:00,LOC-106,17,7.61,17.56,8.46,207,PE,Fragment,1.9,Medium
SMP-2026-0883,28-05-2026 00:00,LOC-102,26.5,7.06,22.46,5.76,274,PA,Microbead,3.22,Medium
SMP-2026-0884,28-05-2026 04:00,LOC-108,21.2,7.86,13.11,6.89,264,PA,Foam,2.42,Medium
SMP-2026-0885,28-05-2026 08:00,LOC-110,15.8,7.48,35.51,8.71,218,PS,Fragment,2.62,Medium
SMP-2026-0886,28-05-2026 12:00,LOC-105,10.6,8.02,18.19,11.18,379,PVC,Fiber,2.93,High
SMP-2026-0887,28-05-2026 16:00,LOC-107,13.2,8.12,23.36,10.84,528,PA,Microbead,1.26,High
SMP-2026-0888,28-05-2026 20:00,LOC-110,19.6,6.68,11.77,8.53,176,PE,Film,0.27,Medium
SMP-2026-0889,29-05-2026 00:00,LOC-102,22.4,6.97,44.45,7.28,923,PS,Foam,2.2,Critical
SMP-2026-0890,29-05-2026 04:00,LOC-108,10.5,7.81,13.47,10.4,143,PP,Fragment,0.7,Medium
SMP-2026-0891,29-05-2026 08:00,LOC-102,20,6.57,34.8,8.45,421,PA,Fiber,2.01,High
SMP-2026-0892,29-05-2026 12:00,LOC-104,19,8.11,19.52,7.83,499,PE,Film,2.6,High
SMP-2026-0893,29-05-2026 16:00,LOC-101,18.3,7.23,9.68,7.84,256,PET,Fragment,2.75,Medium
SMP-2026-0894,29-05-2026 20:00,LOC-105,21.8,7.69,36.09,7.31,566,PE,Fragment,1.09,High
SMP-2026-0895,30-05-2026 00:00,LOC-109,24.7,7.34,15.35,5.57,385,PE,Film,1.82,High
SMP-2026-0896,30-05-2026 04:00,LOC-101,14.5,6.7,39,8.96,617,PS,Fiber,2.19,High
SMP-2026-0897,30-05-2026 08:00,LOC-109,25.8,7.93,41.23,7.2,470,PP,Fiber,2.88,High
SMP-2026-0898,30-05-2026 12:00,LOC-108,11.2,8.78,38.76,9.86,421,PET,Microbead,2.68,High
SMP-2026-0899,30-05-2026 16:00,LOC-106,11.5,7.14,2.06,9.96,67,PVC,Foam,3.46,Low
SMP-2026-0900,30-05-2026 20:00,LOC-107,13.3,7.24,35.54,10.05,320,PVC,Film,0.08,Medium
SMP-2026-0901,31-05-2026 00:00,LOC-103,10.4,6.08,18.8,10.94,326,PE,Film,1.56,Medium
SMP-2026-0902,31-05-2026 04:00,LOC-101,12.6,8.08,39.38,10.1,657,PS,Film,0.93,High
SMP-2026-0903,31-05-2026 08:00,LOC-105,10.1,7.86,28.89,9.97,587,PS,Fiber,0.46,High
SMP-2026-0904,31-05-2026 12:00,LOC-102,24.4,6.53,37.6,7.1,581,PVC,Foam,3.19,High
SMP-2026-0905,31-05-2026 16:00,LOC-105,10.8,6.37,22.72,10.54,257,PET,Microbead,3.49,Medium
SMP-2026-0906,31-05-2026 20:00,LOC-108,22.9,6.43,24.31,7.74,225,PP,Fragment,0.67,Medium
SMP-2026-0907,01-06-2026 00:00,LOC-109,9,7.72,6.93,10.98,148,PET,Fragment,0.18,Medium
SMP-2026-0908,01-06-2026 04:00,LOC-102,27,7.77,35.39,6.39,704,PA,Film,1,Critical
SMP-2026-0909,01-06-2026 08:00,LOC-103,22.2,6.94,19.16,7.99,338,PA,Foam,2.93,Medium
SMP-2026-0910,01-06-2026 12:00,LOC-103,8.1,7.65,22.75,11.34,461,PP,Fiber,1.06,High
SMP-2026-0911,01-06-2026 16:00,LOC-101,23.3,7.48,35.44,7.45,299,PVC,Foam,0.25,Medium
SMP-2026-0912,01-06-2026 20:00,LOC-108,18.3,7.22,27.15,7.85,633,PP,Foam,0.23,High
SMP-2026-0913,02-06-2026 00:00,LOC-106,23.6,7.89,9.45,7.05,176,PS,Fiber,1.52,Medium
SMP-2026-0914,02-06-2026 04:00,LOC-108,18.4,6.8,26.77,9.09,219,PA,Film,3.26,Medium
SMP-2026-0915,02-06-2026 08:00,LOC-109,20.8,7.97,18.64,8.02,285,PE,Foam,1.04,Medium
SMP-2026-0916,02-06-2026 12:00,LOC-105,23.7,7.04,21.39,8.09,488,PE,Fragment,1.52,High
SMP-2026-0917,02-06-2026 16:00,LOC-103,16.1,8.29,1.76,9.46,56,PVC,Fiber,0.4,Low
SMP-2026-0918,02-06-2026 20:00,LOC-105,8.1,6.9,9.85,11.39,119,PS,Microbead,1.75,Medium
SMP-2026-0919,03-06-2026 00:00,LOC-105,25,7.22,13.01,7.92,272,PET,Film,2.45,Medium
SMP-2026-0920,03-06-2026 04:00,LOC-105,15.6,7.43,32.23,10.14,245,PS,Fiber,0.99,Medium
SMP-2026-0921,03-06-2026 08:00,LOC-103,17.9,7.43,1.01,7.83,23,PE,Microbead,1.07,Low
SMP-2026-0922,03-06-2026 12:00,LOC-110,8.2,7.65,18.69,11.15,325,PE,Microbead,2.95,Medium
SMP-2026-0923,03-06-2026 16:00,LOC-104,17.8,6.76,41.62,8.14,808,PA,Foam,0.09,Critical
SMP-2026-0924,03-06-2026 20:00,LOC-109,27.7,7.38,5.48,6.01,137,PS,Foam,2.25,Medium
SMP-2026-0925,04-06-2026 00:00,LOC-110,13.6,7.47,23.48,10.21,296,PS,Foam,1.41,Medium
SMP-2026-0926,04-06-2026 04:00,LOC-109,15.9,7.14,35.5,9.51,195,PE,Fiber,1.08,Medium
SMP-2026-0927,04-06-2026 08:00,LOC-102,21.7,7.6,42.44,6.68,633,PET,Fiber,2.32,High
SMP-2026-0928,04-06-2026 12:00,LOC-108,24.3,6.73,33.73,6.39,201,PVC,Film,2.93,Medium
SMP-2026-0929,04-06-2026 16:00,LOC-108,16.3,7.24,32.57,9.04,245,PVC,Foam,1.98,Medium
SMP-2026-0930,04-06-2026 20:00,LOC-107,14.2,7.02,37.28,8.83,447,PS,Microbead,0.16,High
SMP-2026-0931,05-06-2026 00:00,LOC-108,26.8,7.24,20.36,5.52,307,PVC,Fragment,1.64,Medium
SMP-2026-0932,05-06-2026 04:00,LOC-103,21.5,8.12,36.36,8.23,403,PE,Film,1.65,High
SMP-2026-0933,05-06-2026 08:00,LOC-106,10.4,8.13,0.85,10.1,39,PE,Fiber,1.93,Low
SMP-2026-0934,05-06-2026 12:00,LOC-101,9.4,8.04,41.64,11.91,274,PS,Film,2.36,Medium
SMP-2026-0935,05-06-2026 16:00,LOC-107,17.7,7.17,20.23,9.24,180,PS,Film,0.12,Medium
SMP-2026-0936,05-06-2026 20:00,LOC-101,12.4,7.85,25.13,10.13,495,PA,Film,1.78,High
SMP-2026-0937,06-06-2026 00:00,LOC-109,13.1,7.46,11.84,9.75,110,PS,Film,2.08,Medium
SMP-2026-0938,06-06-2026 04:00,LOC-101,25.6,7.42,33.54,6.74,616,PET,Fragment,1.23,High
SMP-2026-0939,06-06-2026 08:00,LOC-101,9.8,7.36,3.91,10.67,43,PVC,Foam,2.36,Low
SMP-2026-0940,06-06-2026 12:00,LOC-107,22.3,8.28,39.33,6.94,542,PS,Microbead,0.84,High
SMP-2026-0941,06-06-2026 16:00,LOC-102,13.4,8.08,37.35,9.97,339,PP,Film,1.14,Medium
SMP-2026-0942,06-06-2026 20:00,LOC-105,23.2,7.77,10.11,5.97,95,PA,Film,3.37,Low
SMP-2026-0943,07-06-2026 00:00,LOC-108,22.4,7.31,36.51,6.56,616,PP,Film,1.25,High
SMP-2026-0944,07-06-2026 04:00,LOC-108,8.1,7.42,35.49,11.41,855,PE,Foam,1.25,Critical
SMP-2026-0945,07-06-2026 08:00,LOC-103,18.2,7.67,28.63,8.78,191,PVC,Fiber,2.11,Medium
SMP-2026-0946,07-06-2026 12:00,LOC-107,10.8,7.14,17.12,10.36,249,PS,Fiber,3.4,Medium
SMP-2026-0947,07-06-2026 16:00,LOC-103,25.3,7.87,12.58,6.31,261,PP,Fragment,3.44,Medium
SMP-2026-0948,07-06-2026 20:00,LOC-106,25.4,6.94,10.81,5.57,174,PVC,Fiber,2.05,Medium
SMP-2026-0949,08-06-2026 00:00,LOC-106,16.4,7.6,14.68,9.55,329,PE,Film,0.05,Medium
SMP-2026-0950,08-06-2026 04:00,LOC-103,16.9,6.26,40.71,9.04,370,PET,Film,3.16,High
SMP-2026-0951,08-06-2026 08:00,LOC-107,14.1,7.12,3.96,9.92,122,PA,Film,2.02,Medium
SMP-2026-0952,08-06-2026 12:00,LOC-103,22.3,8.44,37.38,7.55,489,PVC,Fragment,1.31,High
SMP-2026-0953,08-06-2026 16:00,LOC-108,15.2,7.92,16.03,9.48,205,PVC,Film,2.91,Medium
SMP-2026-0954,08-06-2026 20:00,LOC-110,13.4,8.17,23.71,9.74,553,PET,Fiber,1.43,High
SMP-2026-0955,09-06-2026 00:00,LOC-104,16.6,7.07,35.85,9.58,596,PVC,Foam,0.17,High
SMP-2026-0956,09-06-2026 04:00,LOC-101,9.8,7.45,39.85,11.14,633,PE,Foam,2.88,High
SMP-2026-0957,09-06-2026 08:00,LOC-104,22.9,8.04,15.84,7.05,333,PE,Microbead,1.93,Medium
SMP-2026-0958,09-06-2026 12:00,LOC-107,8.3,7.72,21.05,11.51,365,PET,Fiber,1.22,High
SMP-2026-0959,09-06-2026 16:00,LOC-104,20.9,7.65,18.95,7.72,175,PA,Film,0.92,Medium
SMP-2026-0960,09-06-2026 20:00,LOC-106,11.7,8.22,1.09,10.4,43,PS,Foam,2.1,Low
SMP-2026-0961,10-06-2026 00:00,LOC-109,12.6,6.88,13.67,10.44,128,PP,Fiber,0.77,Medium
SMP-2026-0962,10-06-2026 04:00,LOC-101,20.7,7.31,20.93,7.32,462,PS,Foam,1.17,High
SMP-2026-0963,10-06-2026 08:00,LOC-105,27.9,6.52,18.79,5.2,488,PVC,Film,2.25,High
SMP-2026-0964,10-06-2026 12:00,LOC-107,23.6,6.85,32.63,7.2,432,PP,Foam,3.09,High
SMP-2026-0965,10-06-2026 16:00,LOC-101,12.5,7.94,17.62,10.18,260,PET,Microbead,1.89,Medium
SMP-2026-0966,10-06-2026 20:00,LOC-104,11.5,6.94,22.28,11.04,149,PET,Microbead,2.67,Medium
SMP-2026-0967,11-06-2026 00:00,LOC-106,25.3,7.77,19.62,6.61,129,PA,Foam,2.68,Medium
SMP-2026-0968,11-06-2026 04:00,LOC-102,16.9,8.23,33.46,8.65,804,PP,Fiber,2.34,Critical
SMP-2026-0969,11-06-2026 08:00,LOC-110,10.7,7.31,38.9,11.08,316,PE,Fiber,0.9,Medium
SMP-2026-0970,11-06-2026 12:00,LOC-105,25.2,7.66,24.17,7.04,354,PP,Fiber,3.04,High
SMP-2026-0971,11-06-2026 16:00,LOC-110,24.3,7.77,35.63,6.93,780,PVC,Foam,1.56,Critical
SMP-2026-0972,11-06-2026 20:00,LOC-101,27.7,6.79,13.71,6.02,324,PE,Fiber,0.2,Medium
SMP-2026-0973,12-06-2026 00:00,LOC-106,26.2,7.09,24.59,6.05,397,PET,Film,0.89,High
SMP-2026-0974,12-06-2026 04:00,LOC-106,25,6.9,15.86,7,277,PP,Microbead,2.69,Medium
SMP-2026-0975,12-06-2026 08:00,LOC-104,9.1,7.13,18.93,10.98,368,PS,Film,0.29,High
SMP-2026-0976,12-06-2026 12:00,LOC-108,10.1,7.76,33.09,11.14,825,PA,Fiber,0.56,Critical
SMP-2026-0977,12-06-2026 16:00,LOC-104,19.4,7.1,39.73,9.46,692,PS,Film,2.45,High
SMP-2026-0978,12-06-2026 20:00,LOC-108,18.6,7.38,5.91,8.69,124,PA,Fiber,3.13,Medium
SMP-2026-0979,13-06-2026 00:00,LOC-108,17.2,6.88,28.74,8.63,180,PVC,Foam,2.24,Medium
SMP-2026-0980,13-06-2026 04:00,LOC-105,15.9,8.01,26.41,9.02,203,PS,Film,0.82,Medium
SMP-2026-0981,13-06-2026 08:00,LOC-104,16.6,7.13,5.77,8.98,110,PP,Foam,0.23,Medium
SMP-2026-0982,13-06-2026 12:00,LOC-102,19.4,8.16,9.93,8.61,253,PP,Foam,2.17,Medium
SMP-2026-0983,13-06-2026 16:00,LOC-103,8,7.43,14.34,11.67,340,PS,Fragment,0.21,Medium
SMP-2026-0984,13-06-2026 20:00,LOC-103,13.2,6.7,7.93,9.72,223,PP,Fiber,2.16,Medium
SMP-2026-0985,14-06-2026 00:00,LOC-104,18.4,7.31,11.35,8.15,187,PVC,Microbead,0.83,Medium
SMP-2026-0986,14-06-2026 04:00,LOC-104,22.4,6.87,12.41,7.36,283,PE,Fiber,3.17,Medium
SMP-2026-0987,14-06-2026 08:00,LOC-110,11.5,7.69,15.44,10.57,361,PVC,Microbead,1.69,High
SMP-2026-0988,14-06-2026 12:00,LOC-105,18.9,7.27,33.85,8.56,628,PA,Fiber,0.82,High
SMP-2026-0989,14-06-2026 16:00,LOC-104,22.3,7.48,25.95,7.77,327,PVC,Foam,2.99,Medium
SMP-2026-0990,14-06-2026 20:00,LOC-110,16.9,7.22,44.39,10.29,660,PA,Film,0.93,High
SMP-2026-0991,15-06-2026 00:00,LOC-108,8.5,7.12,18.96,10.72,439,PP,Film,1.11,High
SMP-2026-0992,15-06-2026 04:00,LOC-106,17,6.91,34.05,9.24,397,PE,Fragment,2.93,High
SMP-2026-0993,15-06-2026 08:00,LOC-106,13.9,7.82,39.28,9.88,933,PP,Microbead,1.12,Critical
SMP-2026-0994,15-06-2026 12:00,LOC-108,26.6,7.31,30.71,5.1,321,PET,Microbead,1.47,Medium
SMP-2026-0995,15-06-2026 16:00,LOC-107,10.5,7.24,18.83,11.47,394,PP,Microbead,1.25,High
SMP-2026-0996,15-06-2026 20:00,LOC-110,21,7.3,34.03,7.91,623,PA,Foam,0.45,High
SMP-2026-0997,16-06-2026 00:00,LOC-110,9.1,7.06,9.56,11.67,206,PP,Microbead,0.18,Medium
SMP-2026-0998,16-06-2026 04:00,LOC-108,16.9,7.24,15.08,8.08,230,PP,Film,2.55,Medium
SMP-2026-0999,16-06-2026 08:00,LOC-102,19.1,7.5,24.83,8.16,604,PE,Foam,2.28,High
SMP-2026-1000,16-06-2026 12:00,LOC-109,14,6.88,26.11,9.26,473,PP,Fiber,1.02,High
